,name,company,year,Price,kms_driven,fuel_type
0,Hyundai Santro Xing,Hyundai,2007,80000,45000,Petrol
1,Mahindra Jeep CL550,Mahindra,2006,425000,40,Diesel
2,Hyundai Grand i10,Hyundai,2014,325000,28000,Petrol
3,Ford EcoSport Titanium,Ford,2014,575000,36000,Diesel
4,Ford Figo,Ford,2012,175000,41000,Diesel
5,Hyundai Eon,Hyundai,2013,190000,25000,Petrol
6,Ford EcoSport Ambiente,Ford,2016,830000,24530,Diesel
7,Maruti Suzuki Alto,Maruti,2015,250000,60000,Petrol
8,Skoda Fabia Classic,Skoda,2010,182000,60000,Petrol
9,Maruti Suzuki Stingray,Maruti,2015,315000,30000,Petrol
10,Hyundai Elite i20,Hyundai,2014,415000,32000,Petrol
11,Mahindra Scorpio SLE,Mahindra,2015,320000,48660,Diesel
12,Audi A8,Audi,2017,1000000,4000,Petrol
13,Audi Q7,Audi,2014,500000,16934,Diesel
14,Mahindra Scorpio S10,Mahindra,2016,350000,43000,Diesel
15,Maruti Suzuki Alto,Maruti,2014,160000,35550,Petrol
16,Mahindra Scorpio S10,Mahindra,2016,310000,39522,Diesel
17,Maruti Suzuki Alto,Maruti,2015,75000,39000,Petrol
18,Hyundai i20 Sportz,Hyundai,2012,100000,55000,Petrol
19,Maruti Suzuki Alto,Maruti,2017,190000,72000,Petrol
20,Maruti Suzuki Vitara,Maruti,2016,290000,15975,Diesel
21,Maruti Suzuki Alto,Maruti,2008,95000,70000,Petrol
22,Mahindra Bolero DI,Mahindra,2017,180000,23452,Diesel
23,Maruti Suzuki Swift,Maruti,2014,385000,35522,Diesel
24,Mahindra Scorpio S10,Mahindra,2015,250000,48508,Diesel
25,Maruti Suzuki Swift,Maruti,2017,180000,15487,Petrol
26,Maruti Suzuki Wagon,Maruti,2013,105000,39000,Petrol
27,Toyota Innova 2.0,Toyota,2012,650000,82000,Diesel
28,Renault Lodgy 85,Renault,2018,689999,20000,Diesel
29,Skoda Yeti Ambition,Skoda,2012,448000,68000,Diesel
30,Maruti Suzuki Baleno,Maruti,2017,549000,32000,Diesel
31,Renault Duster 110,Renault,2012,501000,38000,Diesel
32,Renault Duster 85,Renault,2013,489999,27000,Diesel
33,Honda City 1.5,Honda,2011,280000,33000,Petrol
34,Maruti Suzuki Dzire,Maruti,2013,349999,46000,Diesel
35,Honda Amaze,Honda,2013,284999,46000,Diesel
36,Honda Amaze 1.5,Honda,2015,345000,36000,Diesel
37,Honda City,Honda,2015,499999,55000,Petrol
38,Datsun Redi GO,Datsun,2017,235000,16000,Petrol
39,Maruti Suzuki SX4,Maruti,2010,249999,36000,Petrol
40,Mitsubishi Pajero Sport,Mitsubishi,2015,1475000,47000,Diesel
41,Mahindra Scorpio S10,Mahindra,2015,395000,35000,Diesel
42,Maruti Suzuki Swift,Maruti,2017,220000,30874,Petrol
43,Honda City ZX,Honda,2017,170000,15000,Diesel
44,Maruti Suzuki Wagon,Maruti,2013,85000,29685,Petrol
45,Tata Indigo eCS,Tata,2017,200000,130000,Diesel
46,Mahindra Scorpio SLE,Mahindra,2012,570000,19000,Diesel
47,Volkswagen Polo Highline,Volkswagen,2014,315000,60000,Petrol
48,Chevrolet Spark LS,Chevrolet,2010,110000,41000,Petrol
49,Renault Duster 110PS,Renault,2012,501000,35000,Diesel
50,Honda City,Honda,2015,448999,54000,Petrol
51,Mini Cooper S,Mini,2013,1891111,13000,Petrol
52,Skoda Fabia 1.2L,Skoda,2011,159500,38200,Diesel
53,Honda Amaze,Honda,2015,344999,22000,Petrol
54,Renault Duster,Renault,2014,449999,50000,Diesel
55,Mini Cooper S,Mini,2013,1891111,13500,Petrol
56,Mahindra Scorpio S4,Mahindra,2015,865000,30000,Diesel
57,Mahindra Scorpio VLX,Mahindra,2014,699000,50000,Diesel
58,Mahindra Quanto C8,Mahindra,2013,375000,20000,Diesel
59,Ford EcoSport,Ford,2017,489999,39000,Petrol
60,Honda Brio,Honda,2012,224999,30000,Petrol
61,Volkswagen Vento Highline,Volkswagen,2019,1200000,3600,Diesel
62,Hyundai i20 Magna,Hyundai,2009,195000,32000,Petrol
63,Toyota Corolla Altis,Toyota,2010,351000,38000,Diesel
64,Hyundai Verna Transform,Hyundai,2008,160000,45000,Petrol
65,Toyota Corolla Altis,Toyota,2009,240000,35000,Petrol
66,Honda City 1.5,Honda,2005,90000,50000,Petrol
67,Skoda Fabia 1.2L,Skoda,2011,155000,45863,Diesel
68,BMW 3 Series,BMW,2011,600000,60500,Petrol
69,Maruti Suzuki A,Maruti,2011,189500,12500,Petrol
70,Toyota Etios GD,Toyota,2013,350000,60000,Diesel
71,Ford Figo Diesel,Ford,2012,210000,35000,Diesel
72,Maruti Suzuki Swift,Maruti,2014,390000,35000,Petrol
73,Chevrolet Beat LT,Chevrolet,2012,135000,45000,Diesel
74,BMW 7 Series,BMW,2009,1600000,35000,Petrol
75,Mahindra XUV500 W8,Mahindra,2013,701000,38000,Diesel
76,Hyundai i10 Magna,Hyundai,2014,265000,18000,Petrol
77,Hyundai Verna Fluidic,Hyundai,2015,525000,35000,Diesel
78,Maruti Suzuki Swift,Maruti,2013,372000,13349,Petrol
79,Maruti Suzuki Ertiga,Maruti,2016,635000,29000,Petrol
80,Ford EcoSport Titanium,Ford,2014,550000,44000,Diesel
81,Maruti Suzuki Ertiga,Maruti,2016,575000,29000,Petrol
82,Maruti Suzuki Ertiga,Maruti,2013,485000,42000,Diesel
83,Maruti Suzuki Alto,Maruti,2012,155000,14000,Petrol
84,Hyundai Grand i10,Hyundai,2014,345000,49000,Diesel
85,Honda Amaze 1.2,Honda,2014,325000,42000,Petrol
86,Hyundai i20 Asta,Hyundai,2012,329500,36200,Diesel
87,Ford Figo Diesel,Ford,2014,195000,50000,Diesel
88,Maruti Suzuki Eeco,Maruti,2015,251111,55000,Petrol
89,Maruti Suzuki Ertiga,Maruti,2014,569999,45000,Petrol
90,Maruti Suzuki Esteem,Maruti,2007,69999,51000,Petrol
91,Maruti Suzuki Ritz,Maruti,2014,299999,19000,Petrol
92,Maruti Suzuki Dzire,Maruti,2009,220000,46000,Petrol
93,Maruti Suzuki Ritz,Maruti,2013,399999,33000,Diesel
94,Maruti Suzuki Dzire,Maruti,2015,450000,104000,Diesel
95,Toyota Etios Liva,Toyota,2014,270000,55000,Petrol
96,Hyundai i20 Sportz,Hyundai,2011,350000,33333,Diesel
97,Chevrolet Spark,Chevrolet,2012,158400,33600,Petrol
98,Maruti Suzuki Alto,Maruti,2017,350000,5600,Petrol
99,Nissan Micra XV,Nissan,2011,179000,41000,Petrol
100,Maruti Suzuki Swift,Maruti,2007,125000,70000,Petrol
101,Maruti Suzuki Alto,Maruti,2018,200000,7500,Petrol
102,Honda Amaze 1.5,Honda,2013,299000,45000,Diesel
103,Maruti Suzuki Alto,Maruti,2015,220000,38000,Petrol
104,Chevrolet Beat,Chevrolet,2015,150000,30000,Petrol
105,Honda City 1.5,Honda,2010,285000,35000,Petrol
106,Ford EcoSport Trend,Ford,2016,830000,24330,Diesel
107,Hyundai i20 Asta,Hyundai,2009,210000,65480,Petrol
108,Maruti Suzuki Swift,Maruti,2013,340000,41000,Petrol
109,Tata Indica V2,Tata,2006,90000,20000,Petrol
110,Hindustan Motors Ambassador,Hindustan,2000,70000,200000,Diesel
111,Toyota Corolla Altis,Toyota,2010,289999,70000,Petrol
112,Toyota Corolla Altis,Toyota,2012,349999,59000,Petrol
113,Toyota Innova 2.5,Toyota,2012,849999,99000,Diesel
114,Volkswagen Jetta Highline,Volkswagen,2014,749999,46000,Diesel
115,Volkswagen Polo Comfortline,Volkswagen,2015,399999,2800,Petrol
116,Volkswagen Polo,Volkswagen,2014,274999,32000,Petrol
117,Mahindra Scorpio,Mahindra,2015,984999,22000,Diesel
118,Nissan Sunny,Nissan,2012,224999,45000,Petrol
119,Hyundai Elite i20,Hyundai,2018,599999,21000,Petrol
120,Renault Kwid,Renault,2016,244999,11000,Petrol
121,Renault Duster,Renault,2013,399999,41000,Diesel
122,Renault Duster,Renault,2014,474999,50000,Diesel
123,Mahindra Scorpio VLX,Mahindra,2011,499999,66000,Diesel
124,Maruti Suzuki Alto,Maruti,2018,310000,3000,Petrol
125,Chevrolet Spark LT,Chevrolet,2010,85000,45000,Petrol
126,Datsun Redi GO,Datsun,2016,245000,7000,Petrol
127,Maruti Suzuki Swift,Maruti,2010,189500,38500,Diesel
128,Fiat Punto Emotion,Fiat,2012,169500,37200,Diesel
129,Maruti Suzuki Swift,Maruti,2010,159500,43200,Diesel
130,Toyota Etios GD,Toyota,2013,275000,24800,Petrol
131,Hyundai i20 Sportz,Hyundai,2014,370000,60000,Diesel
132,Hyundai i10 Sportz,Hyundai,2010,168000,45872,Petrol
133,Chevrolet Beat LT,Chevrolet,2011,150000,40000,Diesel
134,Chevrolet Beat LS,Chevrolet,2011,145000,45000,Diesel
135,Chevrolet Beat LT,Chevrolet,2012,98500,38000,Diesel
136,Tata Indigo CS,Tata,2011,85000,11400,Diesel
137,Toyota Corolla Altis,Toyota,2015,575000,42000,Petrol
138,Honda City 1.5,Honda,2014,549000,39000,Petrol
139,Maruti Suzuki Swift,Maruti,2011,209000,47000,Diesel
140,Hyundai Eon Era,Hyundai,2013,185000,27000,Petrol
141,Mahindra Scorpio S10,Mahindra,2015,900000,97200,Diesel
142,Mahindra XUV500,Mahindra,2014,699999,52000,Diesel
143,Ford Fiesta,Ford,2011,274999,55000,Diesel
144,Honda City,Honda,2015,599999,30000,Diesel
145,Maruti Suzuki Wagon,Maruti,2012,199999,44000,Petrol
146,Honda City,Honda,2014,544999,45000,Diesel
147,Hyundai i20,Hyundai,2009,199000,31000,Petrol
148,Tata Indigo eCS,Tata,2016,320000,175430,Diesel
149,Hyundai Fluidic Verna,Hyundai,2015,540000,38000,Diesel
150,Mahindra Quanto C8,Mahindra,2013,340000,37000,Diesel
151,Fiat Petra ELX,Fiat,2008,75000,65000,Petrol
152,Hyundai Santro Xing,Hyundai,2005,49000,7500,Petrol
153,Maruti Suzuki Ciaz,Maruti,2016,700000,3350,Petrol
154,Maruti Suzuki Zen,Maruti,2000,55000,60000,Petrol
155,Hyundai Creta 1.6,Hyundai,2017,895000,32000,Petrol
156,Mahindra Scorpio SLX,Mahindra,2007,355000,75000,Diesel
157,Mahindra Scorpio SLE,Mahindra,2012,565000,62000,Diesel
158,Toyota Innova 2.5,Toyota,2006,365000,73000,Diesel
159,Maruti Suzuki Alto,Maruti,2011,145000,41000,Petrol
160,Maruti Suzuki Wagon,Maruti,2011,210000,35000,Petrol
161,Tata Nano Cx,Tata,2013,40000,2200,Petrol
162,Maruti Suzuki Alto,Maruti,2013,125000,39000,Petrol
163,Maruti Suzuki Wagon,Maruti,2009,135000,45000,Petrol
164,Maruti Suzuki Swift,Maruti,2006,135000,45000,Petrol
165,Tata Sumo Victa,Tata,2012,285000,65000,Diesel
166,Maruti Suzuki Wagon,Maruti,2010,145000,54870,Petrol
167,Maruti Suzuki Alto,Maruti,2010,135000,34580,Petrol
168,Volkswagen Passat Diesel,Volkswagen,2009,450000,97000,Diesel
169,Renault Scala RxL,Renault,2015,375000,25000,Diesel
170,Hyundai Grand i10,Hyundai,2014,365000,20000,Petrol
171,Hyundai i20 Active,Hyundai,2015,500000,18000,Petrol
172,Mahindra Xylo E4,Mahindra,2012,400000,35000,Diesel
173,Mahindra Jeep MM,Mahindra,2019,390000,60,Diesel
174,Mahindra Bolero SLE,Mahindra,2013,330000,80200,Diesel
175,Force Motors Force,Force,2015,580000,3200,Diesel
176,Maruti Suzuki SX4,Maruti,2012,265000,46000,Diesel
177,Mahindra Jeep CL550,Mahindra,2019,379000,0,Diesel
178,Maruti Suzuki Alto,Maruti,2015,219000,5000,Petrol
179,Mahindra Jeep CL550,Mahindra,2018,385000,588,Diesel
180,Toyota Etios,Toyota,2011,275000,36000,Diesel
181,Volkswagen Polo,Volkswagen,2015,330000,38000,Diesel
182,Honda City ZX,Honda,2008,110000,45000,Petrol
183,Maruti Suzuki Wagon,Maruti,2006,80000,71200,Petrol
184,Honda City VX,Honda,2016,519000,52000,Diesel
185,Mahindra Thar CRDe,Mahindra,2016,730000,29000,Diesel
186,Audi A4 1.8,Audi,2009,699000,47000,Petrol
187,Mercedes Benz GLA,Mercedes,2015,2000000,20000,Diesel
188,Land Rover Freelander,Land,2015,2100000,30000,Diesel
189,Renault Kwid RXT,Renault,2017,340000,5000,Petrol
190,Tata Aria Pleasure,Tata,2014,390000,35000,Diesel
191,Mercedes Benz B,Mercedes,2014,1400000,31000,Petrol
192,Datsun GO T,Datsun,2016,245000,7000,Petrol
193,Tata Indigo eCS,Tata,2016,320000,175400,Diesel
194,Honda Jazz VX,Honda,2016,450000,41000,Petrol
195,Honda Amaze 1.2,Honda,2014,311000,33000,Petrol
196,Honda City,Honda,2012,399999,45000,Petrol
197,Honda City,Honda,2015,599999,39000,Diesel
198,Mahindra Scorpio S4,Mahindra,2015,855000,30000,Diesel
199,Hyundai i20 Active,Hyundai,2015,535000,37000,Diesel
200,Maruti Suzuki Ciaz,Maruti,2017,699000,14000,Petrol
201,Chevrolet Tavera Neo,Chevrolet,2013,375000,55000,Diesel
202,Hyundai Eon Sportz,Hyundai,2012,178000,30000,Petrol
203,Tata Sumo Gold,Tata,2013,300000,50000,Diesel
204,Maruti Suzuki Wagon,Maruti,2003,90000,45000,Petrol
205,Maruti Suzuki Esteem,Maruti,2006,95000,45000,Petrol
206,Maruti Suzuki Eeco,Maruti,2015,255000,9300,Petrol
207,Chevrolet Enjoy 1.4,Chevrolet,2013,245000,55000,Diesel
208,Maruti Suzuki Wagon,Maruti,2015,289999,22000,Petrol
209,Nissan Terrano XL,Nissan,2015,499999,60000,Diesel
210,Renault Duster 85,Renault,2014,489999,59000,Diesel
211,Renault Duster 85,Renault,2015,549999,19000,Diesel
212,Maruti Suzuki Dzire,Maruti,2013,380000,30000,Petrol
213,Renault Kwid RXT,Renault,2018,325000,15000,Petrol
214,Maruti Suzuki Maruti,Maruti,2003,57000,56758,Petrol
215,Renault Kwid 1.0,Renault,2018,349999,10000,Petrol
216,Renault Scala RxL,Renault,2014,349999,49000,Diesel
217,Hyundai Grand i10,Hyundai,2014,410000,41000,Petrol
218,Maruti Suzuki Swift,Maruti,2011,225000,45000,Petrol
219,Chevrolet Beat LS,Chevrolet,2010,120000,43000,Petrol
220,Hyundai Santro Xing,Hyundai,2000,59000,56450,Petrol
221,Chevrolet Beat LS,Chevrolet,2010,80000,56000,Petrol
222,Chevrolet Beat LS,Chevrolet,2015,220000,32700,Petrol
223,Ford EcoSport Titanium,Ford,2016,599000,30000,Diesel
224,Hyundai Accent GLX,Hyundai,2006,80000,56000,Petrol
225,Mahindra TUV300 T4,Mahindra,2016,675000,9000,Diesel
226,Tata Indica V2,Tata,2008,150000,11000,Petrol
227,Tata Indigo CS,Tata,2009,72500,46000,Diesel
228,Maruti Suzuki Swift,Maruti,2019,610000,73,Petrol
229,Mahindra Scorpio VLX,Mahindra,2004,230000,160000,Diesel
230,Honda Accord,Honda,2009,175000,58559,Petrol
231,Ford EcoSport Titanium,Ford,2014,520000,57000,Diesel
232,Maruti Suzuki Ertiga,Maruti,2015,524999,50000,Diesel
233,Honda Amaze,Honda,2014,299999,37000,Petrol
234,Maruti Suzuki Dzire,Maruti,2012,299999,40000,Petrol
235,Honda City,Honda,2011,284999,55000,Petrol
236,Mahindra Scorpio 2.6,Mahindra,2007,220000,170000,Diesel
237,Maruti Suzuki Dzire,Maruti,2014,424999,55000,Diesel
238,Honda City,Honda,2015,644999,39000,Petrol
239,Honda Mobilio,Honda,2014,399999,44000,Petrol
240,Toyota Corolla Altis,Toyota,2009,199999,65000,Petrol
241,Honda City,Honda,2014,584999,39000,Petrol
242,Skoda Laura,Skoda,2012,349999,44000,Diesel
243,Renault Duster,Renault,2015,449999,49000,Diesel
244,Maruti Suzuki Ertiga,Maruti,2018,799999,9000,Diesel
245,Maruti Suzuki Dzire,Maruti,2015,444999,45000,Diesel
246,Mahindra XUV500,Mahindra,2014,649999,47000,Diesel
247,Hyundai Verna Fluidic,Hyundai,2012,444999,40000,Diesel
248,Maruti Suzuki Vitara,Maruti,2016,689999,29000,Diesel
249,Maruti Suzuki Wagon,Maruti,2016,344999,15000,Petrol
250,Mahindra Scorpio,Mahindra,2015,944999,45000,Diesel
251,Honda Amaze,Honda,2014,274999,35000,Petrol
252,Mahindra XUV500,Mahindra,2013,689999,80000,Diesel
253,Mahindra Scorpio,Mahindra,2013,574999,68000,Diesel
254,Skoda Laura,Skoda,2013,374999,50000,Diesel
255,Volkswagen Polo,Volkswagen,2010,199999,60000,Diesel
256,Hyundai Elite i20,Hyundai,2016,549999,9000,Petrol
257,Tata Manza Aura,Tata,2012,130000,72000,Diesel
258,Chevrolet Sail UVA,Chevrolet,2013,210000,60000,Petrol
259,Hyundai Verna Fluidic,Hyundai,2013,401000,45000,Diesel
260,Audi A4 2.0,Audi,2012,1350000,40000,Diesel
261,Hyundai Elantra SX,Hyundai,2013,600000,20000,Petrol
262,Mahindra Scorpio VLX,Mahindra,2013,610000,35000,Diesel
263,Mahindra KUV100 K8,Mahindra,2016,400000,20000,Diesel
264,Hyundai Grand i10,Hyundai,2017,524999,6821,Petrol
265,Hyundai i20,Hyundai,2014,449999,23000,Petrol
266,Hyundai Eon,Hyundai,2014,174999,14000,Petrol
267,Hyundai i10,Hyundai,2012,244999,38000,Petrol
268,Hyundai i20 Active,Hyundai,2015,574999,35000,Diesel
269,Datsun Redi GO,Datsun,2017,244999,22000,Petrol
270,Toyota Etios Liva,Toyota,2011,239999,41000,Petrol
271,Hyundai Accent,Hyundai,2010,99999,45000,Petrol
272,Hyundai Verna,Hyundai,2014,489999,44000,Diesel
273,Maruti Suzuki Swift,Maruti,2013,324999,45000,Diesel
274,Toyota Fortuner,Toyota,2011,1074999,52000,Diesel
275,Hyundai i10 Sportz,Hyundai,2012,230000,34000,Petrol
276,Mahindra Bolero Power,Mahindra,2018,699000,1800,Diesel
277,Mahindra XUV500,Mahindra,2015,1000000,15000,Diesel
278,Honda City 1.5,Honda,2010,240000,400000,Petrol
279,Chevrolet Spark LT,Chevrolet,2009,110000,44000,Petrol
280,Mahindra XUV500,Mahindra,2016,1130000,72000,Diesel
281,Tata Indigo eCS,Tata,2014,250000,40000,Diesel
282,Skoda Rapid Elegance,Skoda,2013,340000,48000,Diesel
283,Tata Vista Quadrajet,Tata,2011,120000,90000,Diesel
284,Maruti Suzuki Alto,Maruti,2015,265000,12000,Petrol
285,Maruti Suzuki Zen,Maruti,2003,85000,69900,Petrol
286,Hyundai i10 Magna,Hyundai,2011,175000,45000,Petrol
287,Maruti Suzuki Swift,Maruti,2016,350000,166000,Diesel
288,Honda City ZX,Honda,2008,149000,42000,Petrol
289,Mahindra Jeep MM,Mahindra,2006,425000,122,Diesel
290,Chevrolet Beat Diesel,Chevrolet,2017,150000,62000,Diesel
291,Honda City 1.5,Honda,2010,225000,70000,Petrol
292,Hyundai Verna 1.4,Hyundai,2014,375000,36000,Petrol
293,Toyota Innova 2.5,Toyota,2012,770000,0,Diesel
294,Maruti Suzuki Maruti,Maruti,1995,30000,55000,Petrol
295,Maruti Suzuki Swift,Maruti,2014,335000,55000,Diesel
296,Hyundai Elite i20,Hyundai,2015,450000,20000,Diesel
297,Maruti Suzuki Swift,Maruti,2012,225000,40000,Petrol
298,Maruti Suzuki Versa,Maruti,2004,80000,50000,Petrol
299,Tata Indigo LX,Tata,2016,130000,104000,Diesel
300,Volkswagen Vento Konekt,Volkswagen,2011,245000,65000,Diesel
301,Mercedes Benz C,Mercedes,2002,399000,41000,Petrol
302,Maruti Suzuki Ertiga,Maruti,2013,450000,90000,Diesel
303,Honda City,Honda,2000,65000,80000,Petrol
304,Hyundai Santro Xing,Hyundai,2006,75000,46000,Petrol
305,Maruti Suzuki Omni,Maruti,2001,70000,70000,Petrol
306,Hyundai Sonata Transform,Hyundai,2017,190000,36469,Diesel
307,Hyundai Elite i20,Hyundai,2018,600000,7800,Petrol
308,Maruti Suzuki Alto,Maruti,2017,240000,60000,Petrol
309,Maruti Suzuki Alto,Maruti,2011,155000,32000,Petrol
310,Honda Jazz S,Honda,2009,169999,24695,Petrol
311,Hyundai Grand i10,Hyundai,2017,450000,15141,Petrol
312,Maruti Suzuki Zen,Maruti,2001,40000,40000,Petrol
313,Mahindra Scorpio W,Mahindra,2012,165000,65000,Diesel
314,Maruti Suzuki Alto,Maruti,2014,270000,22000,Petrol
315,Hyundai Grand i10,Hyundai,2016,280000,59910,Diesel
316,Mahindra XUV500 W8,Mahindra,2012,560000,100000,Diesel
317,Hyundai Creta 1.6,Hyundai,2016,950000,25000,Petrol
318,Hyundai i20 Magna,Hyundai,2013,310000,35000,Petrol
319,Renault Duster 85,Renault,2015,715000,65000,Diesel
320,Hyundai Grand i10,Hyundai,2014,340000,35000,Petrol
321,Honda Brio V,Honda,2012,235000,33000,Petrol
322,Mahindra TUV300 T4,Mahindra,2017,610000,68000,Diesel
323,Chevrolet Spark LS,Chevrolet,2010,95000,23000,Petrol
324,Mahindra TUV300 T8,Mahindra,2018,1000000,4500,Diesel
325,Maruti Suzuki Swift,Maruti,2015,220000,129000,Diesel
326,Nissan X Trail,Nissan,2019,1200000,300,Diesel
327,Maruti Suzuki Alto,Maruti,2015,230000,5000,Petrol
328,Ford Ikon 1.3,Ford,2001,45000,65000,Petrol
329,Toyota Fortuner 3.0,Toyota,2010,940000,131000,Diesel
330,Tata Manza ELAN,Tata,2010,155555,111111,Petrol
331,Mercedes Benz A,Mercedes,2013,1500000,14000,Petrol
332,Chevrolet Beat LS,Chevrolet,2016,210000,22000,Diesel
333,Ford EcoSport Trend,Ford,2013,495000,38000,Diesel
334,Tata Indigo LS,Tata,2016,125000,70000,Diesel
335,Hyundai i20 Magna,Hyundai,2010,195000,36000,Petrol
336,Volkswagen Vento Highline,Volkswagen,2015,550000,34000,Diesel
337,Renault Kwid RXT,Renault,2015,270000,43000,Petrol
338,Ford EcoSport Titanium,Ford,2014,500000,40000,Diesel
339,Honda Amaze 1.5,Honda,2016,240000,160000,Diesel
340,Hyundai Verna 1.6,Hyundai,2017,800000,12000,Petrol
341,BMW 5 Series,BMW,2011,1299000,49000,Diesel
342,Skoda Superb 1.8,Skoda,2011,530000,68000,Petrol
343,Audi Q3 2.0,Audi,2013,1499000,37000,Diesel
344,Mahindra Bolero DI,Mahindra,2012,220000,59466,Diesel
345,Ford Figo Duratorq,Ford,2012,250000,99000,Diesel
346,Maruti Suzuki Wagon,Maruti,2018,395000,25500,Petrol
347,Mahindra Logan Diesel,Mahindra,2009,130000,66000,Petrol
348,Tata Nano GenX,Tata,2010,32000,44005,Petrol
349,Mahindra TUV300 T4,Mahindra,2016,540000,35000,Diesel
350,Hyundai Elite i20,Hyundai,2015,405000,28000,Petrol
351,Hyundai Elite i20,Hyundai,2015,400000,30000,Petrol
352,Honda City SV,Honda,2017,760000,4000,Petrol
353,Maruti Suzuki Baleno,Maruti,2016,500000,28000,Petrol
354,Ford Figo Petrol,Ford,2011,175000,75000,Petrol
355,Honda City,Honda,2017,750000,3000,Petrol
356,Hyundai Elite i20,Hyundai,2015,419000,20000,Petrol
357,Maruti Suzuki Versa,Maruti,2004,90000,50000,Petrol
358,Hyundai Eon Era,Hyundai,2018,140000,2110,Petrol
359,Mitsubishi Pajero Sport,Mitsubishi,2015,1540000,43222,Petrol
360,Hyundai i10 Magna,Hyundai,2008,275000,100200,Petrol
361,Toyota Corolla H2,Toyota,2003,150000,100000,Petrol
362,Maruti Suzuki Swift,Maruti,2011,230000,65,Petrol
363,Tata Indigo CS,Tata,2015,123000,100000,Diesel
364,Hyundai Xcent Base,Hyundai,2016,300000,140000,Diesel
365,Hyundai Accent Executive,Hyundai,2009,165000,48000,Petrol
366,Maruti Suzuki Baleno,Maruti,2016,498000,22000,Petrol
367,Tata Zest XE,Tata,2018,480000,103553,Diesel
368,Maruti Suzuki Dzire,Maruti,2017,488000,80000,Diesel
369,Tata Sumo Gold,Tata,2014,250000,99000,Diesel
370,Toyota Corolla Altis,Toyota,2010,220000,58000,Petrol
371,Maruti Suzuki Eeco,Maruti,2013,290000,70000,LPG
372,Toyota Fortuner 3.0,Toyota,2015,1525000,120000,Diesel
373,Mahindra XUV500 W6,Mahindra,2013,548900,49800,Diesel
374,Tata Tigor Revotron,Tata,2019,650000,100,Diesel
375,Maruti Suzuki 800,Maruti,2001,55000,81876,Petrol
376,Maruti Suzuki Ertiga,Maruti,2015,550000,75000,Petrol
377,Honda Mobilio S,Honda,2014,399000,44000,Diesel
378,Maruti Suzuki Ertiga,Maruti,2016,730000,55000,Diesel
379,Maruti Suzuki Vitara,Maruti,2017,725000,36000,Diesel
380,Hyundai Verna 1.6,Hyundai,2016,195000,56000,Diesel
381,Maruti Suzuki Swift,Maruti,2007,130000,62000,Petrol
382,Maruti Suzuki Omni,Maruti,2014,190000,6020,Petrol
383,Honda Amaze,Honda,2013,250000,55700,Diesel
384,Tata Indica,Tata,2005,80000,42000,Petrol
385,Hyundai Santro Xing,Hyundai,2003,120000,50000,Petrol
386,Maruti Suzuki Zen,Maruti,2010,149000,35000,Petrol
387,Maruti Suzuki Wagon,Maruti,2014,250000,18500,Petrol
388,Maruti Suzuki Wagon,Maruti,2007,120000,7000,Petrol
389,Honda Brio VX,Honda,2017,450000,11000,Petrol
390,Maruti Suzuki Zen,Maruti,2003,99999,53000,Petrol
391,Maruti Suzuki Zen,Maruti,2008,135000,23000,Petrol
392,Maruti Suzuki Wagon,Maruti,2016,225000,35500,Diesel
393,Maruti Suzuki Alto,Maruti,2010,99000,22134,Petrol
394,Renault Kwid RXT,Renault,2019,370000,1000,Petrol
395,Tata Nano Lx,Tata,2010,52000,9000,Petrol
396,Jaguar XE XE,Jaguar,2016,2800000,8500,Petrol
397,Hyundai Eon Magna,Hyundai,2014,190000,35000,Petrol
398,Honda City 1.5,Honda,2014,499000,22000,Petrol
399,Hindustan Motors Ambassador,Hindustan,2002,90000,25000,Diesel
400,Maruti Suzuki Ritz,Maruti,2010,149000,40000,Petrol
401,Hyundai Grand i10,Hyundai,2017,400000,20000,Petrol
402,Hyundai Eon D,Hyundai,2016,120000,87000,Petrol
403,Maruti Suzuki Swift,Maruti,2015,250000,55000,Petrol
404,Maruti Suzuki Wagon,Maruti,2017,375000,23000,Petrol
405,Honda Amaze 1.2,Honda,2014,381000,6000,Petrol
406,Maruti Suzuki Estilo,Maruti,2013,180000,65000,Petrol
407,Maruti Suzuki Vitara,Maruti,2016,580000,25000,Diesel
408,Maruti Suzuki Eeco,Maruti,2015,278000,39000,Petrol
409,Hyundai Creta 1.6,Hyundai,2016,1000000,8000,Petrol
410,Mahindra Scorpio Vlx,Mahindra,2013,690000,75000,Diesel
411,Maruti Suzuki Ertiga,Maruti,2012,480000,51000,Diesel
412,Mitsubishi Lancer 1.8,Mitsubishi,2006,85000,50000,Petrol
413,Maruti Suzuki Maruti,Maruti,2001,40000,75000,Petrol
414,Maruti Suzuki Alto,Maruti,2015,90000,55800,Petrol
415,Hyundai Grand i10,Hyundai,2015,340000,53000,Petrol
416,Hyundai Eon D,Hyundai,2018,260000,25000,Petrol
417,Ford Fiesta SXi,Ford,2009,250000,56400,Petrol
418,Maruti Suzuki Ritz,Maruti,2010,180000,72160,Diesel
419,Hyundai Verna Fluidic,Hyundai,2012,350000,10000,Diesel
420,Maruti Suzuki Wagon,Maruti,2006,90001,48000,Petrol
421,Maruti Suzuki Estilo,Maruti,2007,115000,36000,Petrol
422,Audi A6 2.0,Audi,2012,1599000,11500,Diesel
423,Maruti Suzuki Wagon,Maruti,2003,130000,133000,Petrol
424,Maruti Suzuki Wagon,Maruti,2009,159000,27000,Petrol
425,Maruti Suzuki Wagon,Maruti,2009,160000,35000,Petrol
426,Maruti Suzuki Alto,Maruti,2010,110000,55000,Petrol
427,Maruti Suzuki Baleno,Maruti,2016,425000,40000,Petrol
428,Hyundai Verna 1.6,Hyundai,2019,900000,2000,Petrol
429,Maruti Suzuki Swift,Maruti,2009,150000,45000,Petrol
430,Hyundai Getz Prime,Hyundai,2009,110000,20000,Petrol
431,Hyundai Santro,Hyundai,2000,51999,88000,Petrol
432,Hyundai Getz Prime,Hyundai,2009,115000,20000,Petrol
433,Chevrolet Beat PS,Chevrolet,2012,215000,65422,Diesel
434,Ford EcoSport Trend,Ford,2017,580000,10000,Petrol
435,Maruti Suzuki Dzire,Maruti,2013,380000,35000,Petrol
436,Hyundai Fluidic Verna,Hyundai,2013,350000,117000,Diesel
437,Tata Indica V2,Tata,2005,35000,150000,Diesel
438,BMW X1 xDrive20d,BMW,2011,1150000,72000,Diesel
439,Hyundai i20 Asta,Hyundai,2010,300000,10750,Petrol
440,Honda City 1.5,Honda,2009,269000,55000,Petrol
441,Tata Nano,Tata,2013,60000,6800,Petrol
442,Chevrolet Cruze LTZ,Chevrolet,2014,400000,41000,Diesel
443,Hyundai Verna Fluidic,Hyundai,2015,430000,73000,Diesel
444,Maruti Suzuki Swift,Maruti,2011,140000,65000,Diesel
445,Mahindra XUV500 W6,Mahindra,2014,8500003,45000,Diesel
446,Mahindra XUV500 W10,Mahindra,2018,1299000,40000,Diesel
447,Maruti Suzuki Alto,Maruti,2014,199000,37000,Petrol
448,Hyundai Accent GLE,Hyundai,2006,90000,55000,Petrol
449,Force Motors One,Force,2013,550000,140000,Diesel
450,Maruti Suzuki Alto,Maruti,2019,265000,9800,Petrol
451,Chevrolet Spark 1.0,Chevrolet,2011,100000,27000,Petrol
452,Hyundai i10,Hyundai,2009,215000,27000,Petrol
453,Toyota Etios Liva,Toyota,2012,380000,20000,Diesel
454,Renault Duster 85PS,Renault,2013,401919,57923,Diesel
455,Chevrolet Enjoy,Chevrolet,2014,490000,30201,Diesel
456,Maruti Suzuki Alto,Maruti,2017,280000,6200,Petrol
457,BMW 5 Series,BMW,2009,650000,37518,Petrol
458,Toyota Etios Liva,Toyota,2014,160000,24652,Petrol
459,Mahindra Jeep MM,Mahindra,2004,424000,383,Diesel
460,Chevrolet Beat LS,Chevrolet,2016,225000,95000,Diesel
461,Chevrolet Cruze LTZ,Chevrolet,2011,350000,35000,Diesel
462,Jeep Wrangler Unlimited,Jeep,2015,950000,3528,Diesel
463,Maruti Suzuki Ertiga,Maruti,2013,485000,52500,Diesel
464,Hyundai Verna VGT,Hyundai,2010,205000,47900,Diesel
465,Maruti Suzuki Omni,Maruti,2012,160000,14000,Petrol
466,Maruti Suzuki Celerio,Maruti,2018,310000,37000,Petrol
467,Tata Zest Quadrajet,Tata,2017,180000,90000,Diesel
468,Mahindra XUV500 W6,Mahindra,2013,549900,52800,Diesel
469,Tata Indigo CS,Tata,2016,150000,104000,Diesel
470,Hyundai i10 Era,Hyundai,2011,175000,30000,Petrol
471,Tata Indigo eCS,Tata,2014,95000,195000,Diesel
472,Tata Indigo LX,Tata,2016,230000,104000,Diesel
473,Tata Indigo eCS,Tata,2016,230000,104000,Diesel
474,Tata Indigo Marina,Tata,2004,180000,70000,Diesel
475,Hyundai Xcent SX,Hyundai,2015,400000,43000,Diesel
476,Hyundai Eon Magna,Hyundai,2013,185000,23000,Petrol
477,Renault Duster 85,Renault,2015,385000,51000,Diesel
478,Maruti Suzuki Alto,Maruti,2009,90000,62000,Petrol
479,Tata Nano LX,Tata,2010,32000,48008,Petrol
480,Renault Duster 110,Renault,2013,435000,39000,Diesel
481,Maruti Suzuki Wagon,Maruti,2010,225000,40000,Petrol
482,Maruti Suzuki Swift,Maruti,2006,189700,48247,Petrol
483,Maruti Suzuki Ertiga,Maruti,2012,389700,39000,Diesel
484,Maruti Suzuki Swift,Maruti,2014,365000,23000,Petrol
485,Maruti Suzuki Alto,Maruti,2017,360000,9400,Petrol
486,Hyundai i20 Magna,Hyundai,2010,210000,50000,Petrol
487,Hyundai i10 Magna,Hyundai,2009,170000,75000,Petrol
488,Tata Zest XE,Tata,2017,380000,70000,Diesel
489,Mahindra Xylo E8,Mahindra,2009,295000,64000,Diesel
490,Toyota Corolla Altis,Toyota,2010,185000,55000,Petrol
491,Tata Manza Aqua,Tata,2014,160000,200000,Diesel
492,Renault Kwid 1.0,Renault,2018,290000,2137,Petrol
493,Tata Venture EX,Tata,2013,100000,30000,Diesel
494,Maruti Suzuki Swift,Maruti,2014,315000,44000,Petrol
495,Skoda Octavia Classic,Skoda,2006,114990,65000,Diesel
496,Maruti Suzuki Omni,Maruti,2012,120000,160000,LPG
497,Chevrolet Beat Diesel,Chevrolet,2011,125000,56000,Diesel
498,Tata Sumo Gold,Tata,2012,210000,75000,Diesel
499,Hyundai Verna 1.6,Hyundai,2018,855000,42000,Diesel
500,Mahindra Scorpio 2.6,Mahindra,2007,260000,56000,Diesel
501,Maruti Suzuki Zen,Maruti,2002,95000,10544,Petrol
502,Maruti Suzuki Swift,Maruti,2011,255000,64000,Petrol
503,Mahindra Scorpio SLX,Mahindra,2008,300000,70000,Diesel
504,Hyundai Grand i10,Hyundai,2014,340000,25000,Petrol
505,Hyundai Elite i20,Hyundai,2017,550000,15000,Petrol
506,Ford Ikon 1.6,Ford,2003,60000,50000,Petrol
507,Toyota Innova 2.5,Toyota,2011,750000,147000,Diesel
508,Nissan Sunny XL,Nissan,2011,230000,52000,Petrol
509,Chevrolet Beat LT,Chevrolet,2012,130000,90001,Diesel
510,Maruti Suzuki Alto,Maruti,2017,270000,21000,Petrol
511,Maruti Suzuki Swift,Maruti,2012,280000,48006,Diesel
512,Toyota Innova 2.0,Toyota,2012,600000,80000,Diesel
513,Maruti Suzuki Swift,Maruti,2010,190000,74000,Diesel
514,Hyundai Elite i20,Hyundai,2015,500000,22000,Petrol
515,Mahindra XUV500 W10,Mahindra,2016,1065000,41000,Diesel
516,Volkswagen Polo Trendline,Volkswagen,2015,350000,25000,Diesel
517,Toyota Etios Liva,Toyota,2012,350000,85000,Diesel
518,Mahindra TUV300 T4,Mahindra,2016,540000,29500,Diesel
519,Hyundai Elite i20,Hyundai,2015,470000,30000,Petrol
520,Hyundai Santro Xing,Hyundai,2014,179000,57000,Petrol
521,Maruti Suzuki Zen,Maruti,2003,48000,60000,Petrol
522,Maruti Suzuki Ciaz,Maruti,2016,650000,50000,Petrol
523,Hyundai Eon Era,Hyundai,2013,190000,39700,Petrol
524,Hyundai Elantra 1.8,Hyundai,2012,500000,65000,Petrol
525,Maruti Suzuki Swift,Maruti,2010,270000,67000,Diesel
526,Maruti Suzuki Zen,Maruti,2008,125000,46000,Petrol
527,Hyundai Eon Era,Hyundai,2012,188000,38000,Petrol
528,Hyundai Grand i10,Hyundai,2016,380000,27000,Petrol
529,Hyundai Verna Fluidic,Hyundai,2011,365000,43000,Diesel
530,Ford EcoSport Trend,Ford,2014,465000,47000,Petrol
531,Hyundai i20 Magna,Hyundai,2011,240000,42000,Petrol
532,Chevrolet Beat Diesel,Chevrolet,2016,179999,19336,Diesel
533,Tata Indica eV2,Tata,2015,140000,60105,Diesel
534,Jaguar XF 2.2,Jaguar,2013,2190000,29000,Diesel
535,Audi Q5 2.0,Audi,2014,2390000,34000,Diesel
536,BMW 3 Series,BMW,2011,1075000,35000,Diesel
537,Maruti Suzuki Swift,Maruti,2015,475000,22000,Petrol
538,BMW X1 sDrive20d,BMW,2012,1025000,41000,Diesel
539,Maruti Suzuki S,Maruti,2016,615000,21000,Diesel
540,Maruti Suzuki Ertiga,Maruti,2013,475000,48000,Diesel
541,Maruti Suzuki Alto,Maruti,2016,270000,38000,Petrol
542,Honda City SV,Honda,2014,475000,34000,Diesel
543,Volkswagen Vento Comfortline,Volkswagen,2011,240000,45933,Petrol
544,Honda City 1.5,Honda,2005,120000,68000,Petrol
545,Audi A4 2.0,Audi,2016,1900000,44000,Diesel
546,Mahindra KUV100,Mahindra,2017,360000,35000,Diesel
547,Tata Zest XE,Tata,2018,450000,102563,Diesel
548,Mahindra XUV500 W8,Mahindra,2015,900000,28600,Diesel
549,Maruti Suzuki Swift,Maruti,2017,650000,41800,Diesel
550,Tata Sumo Gold,Tata,2014,275000,116000,Diesel
551,Maruti Suzuki Swift,Maruti,2009,210000,59000,Petrol
552,Mahindra Scorpio 2.6,Mahindra,2004,175000,58000,Diesel
553,Maruti Suzuki Omni,Maruti,2009,85000,45000,Petrol
554,Mitsubishi Pajero Sport,Mitsubishi,2015,1490000,42590,Diesel
555,Renault Duster,Renault,2014,800000,7400,Diesel
556,Volkswagen Jetta Comfortline,Volkswagen,2009,450000,54500,Diesel
557,Maruti Suzuki Ertiga,Maruti,2012,1000000,200000,Diesel
558,Audi A4 2.0,Audi,2013,1510000,27000,Diesel
559,Volvo S80 Summum,Volvo,2015,1850000,42000,Diesel
560,Toyota Corolla Altis,Toyota,2014,790000,29000,Petrol
561,Mitsubishi Pajero Sport,Mitsubishi,2015,1725000,37000,Diesel
562,Chevrolet Beat LT,Chevrolet,2012,135000,36000,Petrol
563,BMW X1,BMW,2011,1000000,34000,Diesel
564,Datsun Redi GO,Datsun,2018,299999,7000,Petrol
565,Mercedes Benz C,Mercedes,2009,1225000,76000,Diesel
566,Mahindra Scorpio SLX,Mahindra,2004,175000,60000,Diesel
567,Volkswagen Vento Comfortline,Volkswagen,2011,200000,95000,Diesel
568,Tata Indigo CS,Tata,2017,270000,50000,Diesel
569,Ford Figo Petrol,Ford,2019,525000,0,Petrol
570,Honda City ZX,Honda,2006,180000,50000,Petrol
571,Maruti Suzuki Wagon,Maruti,2008,140000,68000,Petrol
572,Ford EcoSport Trend,Ford,2014,400000,16000,Petrol
573,Maruti Suzuki Swift,Maruti,2016,499000,51000,Diesel
574,Maruti Suzuki Omni,Maruti,2009,85000,56000,Petrol
575,Maruti Suzuki Zen,Maruti,2004,70000,100000,Petrol
576,Renault Duster RxL,Renault,2015,550000,36000,Petrol
577,Maruti Suzuki Swift,Maruti,2014,370000,11523,Petrol
578,Maruti Suzuki Baleno,Maruti,2018,690000,1000,Petrol
579,Honda WR V,Honda,2009,250000,60000,Petrol
580,Tata Indigo CS,Tata,2016,110000,85000,Diesel
581,Renault Duster 110,Renault,2013,490000,38600,Diesel
582,Mahindra Scorpio LX,Mahindra,2009,320000,95500,Diesel
583,Maruti Suzuki Zen,Maruti,2004,68000,56000,Petrol
584,Maruti Suzuki Wagon,Maruti,2014,130000,37458,Petrol
585,Maruti Suzuki SX4,Maruti,2016,970000,85960,Diesel
586,Audi A3 Cabriolet,Audi,2015,3100000,12516,Petrol
587,Hyundai Eon D,Hyundai,2018,280000,35000,Petrol
588,Maruti Suzuki Zen,Maruti,2009,125000,0,Petrol
589,Mahindra Scorpio SLX,Mahindra,2008,285000,80000,Diesel
590,Hyundai Santro AE,Hyundai,2011,165000,45000,Petrol
591,Maruti Suzuki Swift,Maruti,2009,250000,51000,Diesel
592,Mahindra Xylo D2,Mahindra,2011,390000,48000,Diesel
593,Hyundai Santro,Hyundai,2003,60000,51000,Petrol
594,Chevrolet Beat LT,Chevrolet,2015,215000,90000,Diesel
595,Maruti Suzuki Swift,Maruti,2015,475000,43000,Diesel
596,Mahindra XUV500 W8,Mahindra,2015,899000,53000,Diesel
597,Toyota Fortuner 3.0,Toyota,2013,1499000,97000,Diesel
598,Maruti Suzuki Alto,Maruti,2013,240000,20000,Petrol
599,Hyundai Getz GLE,Hyundai,2007,99000,55000,Petrol
600,Maruti Suzuki Swift,Maruti,2014,260000,120000,Diesel
601,Hyundai Creta 1.6,Hyundai,2019,1200000,0,Petrol
602,Hyundai Santro Xing,Hyundai,2007,115000,46000,Petrol
603,Hyundai Santro Xing,Hyundai,2009,88000,43200,Petrol
604,Mahindra Xylo D2,Mahindra,2011,390000,56000,Diesel
605,Hyundai Santro Xing,Hyundai,2007,135000,42000,Petrol
606,Tata Indica V2,Tata,2009,90000,30600,Diesel
607,Hyundai i10 Sportz,Hyundai,2011,220000,38000,Petrol
608,Hyundai Grand i10,Hyundai,2017,424999,2550,Petrol
609,Hyundai Santro Xing,Hyundai,2007,135000,47000,Petrol
610,Honda City 1.5,Honda,2005,95000,41000,Petrol
611,Nissan Micra XL,Nissan,2017,430000,62500,Diesel
612,Honda City 1.5,Honda,2005,115000,68000,Petrol
613,Maruti Suzuki Alto,Maruti,2015,215000,50000,Petrol
614,Maruti Suzuki Wagon,Maruti,2004,53000,69000,Petrol
615,Maruti Suzuki Ertiga,Maruti,2012,500000,48000,Diesel
616,Tata Indica eV2,Tata,2012,85000,55000,Diesel
617,Maruti Suzuki Omni,Maruti,2013,165000,25000,Petrol
618,Hyundai Eon Era,Hyundai,2014,200000,28400,Petrol
619,Hyundai Eon,Hyundai,2014,200000,28000,Petrol
620,Maruti Suzuki Swift,Maruti,2015,425000,42000,Diesel
621,Hyundai Verna 1.6,Hyundai,2012,600000,29000,Diesel
622,Chevrolet Tavera LS,Chevrolet,2005,130000,68485,Diesel
623,Tata Tiago Revotron,Tata,2018,430000,3500,Petrol
624,Tata Tiago Revotorq,Tata,2019,568500,0,Petrol
625,Maruti Suzuki Zen,Maruti,2006,71000,32000,Petrol
626,Mahindra KUV100 K8,Mahindra,2018,560000,8000,Diesel
627,Ford EcoSport Titanium,Ford,2014,590000,34000,Diesel
628,Hindustan Motors Ambassador,Hindustan,1995,750000,37000,Petrol
629,Ford Fusion 1.4,Ford,2007,125000,85455,Diesel
630,Hyundai Santro Xing,Hyundai,2007,135000,46000,Petrol
631,Hyundai Santro,Hyundai,2002,60000,47000,Petrol
632,Fiat Linea Emotion,Fiat,2009,120000,64000,Petrol
633,Ford Ikon 1.3,Ford,2008,95000,46000,Petrol
634,Maruti Suzuki Omni,Maruti,2017,240000,8000,Petrol
635,Tata Indica V2,Tata,2012,115000,64000,Diesel
636,Mahindra Scorpio S4,Mahindra,2015,795000,63000,Diesel
637,Hyundai Santro Xing,Hyundai,2007,55000,65000,Petrol
638,Mahindra Xylo D2,Mahindra,2009,300000,62000,Diesel
639,Hyundai Grand i10,Hyundai,2014,320000,41000,Petrol
640,Maruti Suzuki Alto,Maruti,2015,265000,14000,Petrol
641,Toyota Corolla,Toyota,2006,160000,40000,Petrol
642,Hyundai Eon Magna,Hyundai,2017,300000,1600,Petrol
643,Tata Sumo Grande,Tata,2010,130000,90000,Diesel
644,Maruti Suzuki Swift,Maruti,2011,250000,58000,Diesel
645,Volkswagen Polo Highline1.2L,Volkswagen,2013,380000,27000,Petrol
646,Maruti Suzuki Alto,Maruti,2003,42000,60000,Petrol
647,Tata Tiago Revotron,Tata,2017,400000,31000,Petrol
648,Maruti Suzuki Swift,Maruti,2009,120000,90000,Diesel
649,Tata Indigo eCS,Tata,2016,130000,150000,Diesel
650,Chevrolet Beat LS,Chevrolet,2014,189000,31000,Diesel
651,Mahindra Xylo E8,Mahindra,2011,365000,43000,Diesel
652,Hyundai Eon D,Hyundai,2013,170000,20000,Petrol
653,Tata Sumo Gold,Tata,2013,215000,100000,Petrol
654,Tata Nano,Tata,2013,60000,7000,Petrol
655,Hyundai Elite i20,Hyundai,2017,599999,31000,Petrol
656,Hyundai i10 Magna,Hyundai,2009,400000,33000,Petrol
657,Hyundai Creta,Hyundai,2016,900000,60000,Diesel
658,Volkswagen Polo,Volkswagen,2013,299999,48000,Diesel
659,Maruti Suzuki Dzire,Maruti,2014,374999,33000,Petrol
660,Tata Bolt XM,Tata,2015,600000,15000,Petrol
661,Maruti Suzuki Alto,Maruti,2005,70000,47000,Petrol
662,Maruti Suzuki Alto,Maruti,2005,100000,40000,Petrol
663,Maruti Suzuki Ritz,Maruti,2010,150000,38000,Diesel
664,Maruti Suzuki Alto,Maruti,2017,225000,12500,Petrol
665,Maruti Suzuki Dzire,Maruti,2009,210000,42000,Petrol
666,Hyundai i20 Asta,Hyundai,2014,425000,31000,Petrol
667,Maruti Suzuki Swift,Maruti,2008,162000,60000,Diesel
668,Tata Indica V2,Tata,2005,60000,80000,Diesel
669,Mahindra Scorpio VLX,Mahindra,2014,650000,77000,Diesel
670,Toyota Innova 2.5,Toyota,2012,750000,75000,Diesel
671,Mahindra Xylo E8,Mahindra,2010,375000,40000,Diesel
672,Hyundai i20 Magna,Hyundai,2011,230000,47000,Petrol
673,Maruti Suzuki Omni,Maruti,2000,35999,60000,Petrol
674,Mahindra KUV100,Mahindra,2016,380000,26500,Petrol
675,Mahindra KUV100 K8,Mahindra,2019,560000,2875,Petrol
676,Datsun Go Plus,Datsun,2016,285000,13900,Petrol
677,Ford Endeavor 4x4,Ford,2019,2900000,9000,Diesel
678,Tata Indica V2,Tata,2005,39999,80000,Diesel
679,Hyundai Santro Xing,Hyundai,2006,85000,60000,Petrol
680,Maruti Suzuki Wagon,Maruti,2016,395000,20000,Petrol
681,Maruti Suzuki Swift,Maruti,2008,175000,58000,Diesel
682,Maruti Suzuki Alto,Maruti,2019,400000,1500,Petrol
683,Toyota Innova 2.5,Toyota,2011,750000,75000,Diesel
684,Maruti Suzuki Alto,Maruti,2016,250000,2450,Petrol
685,Maruti Suzuki Alto,Maruti,2019,425000,1625,Petrol
686,Volkswagen Polo Highline1.2L,Volkswagen,2017,525000,45000,Petrol
687,Mahindra Logan,Mahindra,2009,130000,65000,Diesel
688,Maruti Suzuki 800,Maruti,2000,30000,33400,Petrol
689,Mahindra Scorpio,Mahindra,2011,475000,60123,Diesel
690,Chevrolet Sail 1.2,Chevrolet,2013,300000,28000,Petrol
691,Hyundai Santro AE,Hyundai,2003,60000,70000,Petrol
692,Maruti Suzuki Wagon,Maruti,2006,100000,7000,Petrol
693,Hyundai Eon,Hyundai,2018,260000,25000,Petrol
694,Tata Manza,Tata,2015,100000,100000,Diesel
695,Toyota Etios G,Toyota,2013,265000,42000,Petrol
696,Toyota Qualis,Toyota,2003,180000,100000,Diesel
697,Hyundai Santro Xing,Hyundai,2004,45000,137495,Petrol
698,Tata Indica eV2,Tata,2016,50500,91200,Diesel
699,Honda City 1.5,Honda,2009,270000,55000,Petrol
700,Tata Zest XE,Tata,2017,290000,120000,Diesel
701,Mahindra Quanto C4,Mahindra,2013,325000,63000,Diesel
702,Tata Indigo eCS,Tata,2016,160000,104000,Diesel
703,Maruti Suzuki Swift,Maruti,2016,350000,146000,Diesel
704,Hyundai Elite i20,Hyundai,2011,290000,40000,Petrol
705,Hyundai i20 Select,Hyundai,2011,290000,40000,Petrol
706,Chevrolet Tavera Neo,Chevrolet,2007,465000,100800,Diesel
707,Maruti Suzuki Dzire,Maruti,2016,325000,150000,Diesel
708,Hyundai Elite i20,Hyundai,2018,510000,2100,Petrol
709,Honda City VX,Honda,2016,860000,95000,Petrol
710,Maruti Suzuki Dzire,Maruti,2016,450000,2500,Diesel
711,Hyundai Getz,Hyundai,2006,125000,80000,Petrol
712,Mercedes Benz C,Mercedes,2006,500001,15000,Petrol
713,Maruti Suzuki Alto,Maruti,2005,95000,65000,Petrol
714,Skoda Fabia,Skoda,2009,110000,45000,Petrol
715,Maruti Suzuki Ritz,Maruti,2011,270000,50000,Petrol
716,Tata Indica V2,Tata,2009,110000,30000,Diesel
717,Toyota Corolla Altis,Toyota,2009,300000,132000,Petrol
718,Tata Zest XM,Tata,2018,260000,27000,Diesel
719,Mahindra Quanto C8,Mahindra,2013,390000,40000,Diesel
720,Maruti 800 AC,Maruti,2007,60000,70000,Petrol
721,Maruti Wagon R LXI Minor,Maruti,2007,135000,50000,Petrol
722,Hyundai Verna 1.6 SX,Hyundai,2012,600000,100000,Diesel
723,Datsun RediGO T Option,Datsun,2017,250000,46000,Petrol
724,Honda Amaze VX i-DTEC,Honda,2014,450000,141000,Diesel
725,Maruti Alto LX BSIII,Maruti,2007,140000,125000,Petrol
726,Hyundai Xcent 1.2 Kappa S,Hyundai,2016,550000,25000,Petrol
727,Tata Indigo Grand Petrol,Tata,2014,240000,60000,Petrol
728,Hyundai Creta 1.6 VTVT S,Hyundai,2015,850000,25000,Petrol
729,Maruti Celerio Green VXI,Maruti,2017,365000,78000,CNG
730,Chevrolet Sail 1.2 Base,Chevrolet,2015,260000,35000,Petrol
731,Tata Indigo Grand Petrol,Tata,2014,250000,100000,Petrol
732,Toyota Corolla Altis 1.8 VL CVT,Toyota,2018,1650000,25000,Petrol
733,Maruti Ciaz VXi Plus,Maruti,2015,585000,24000,Petrol
734,Hyundai Venue SX Opt Diesel,Hyundai,2019,1195000,5000,Diesel
735,Chevrolet Enjoy TCDi LTZ 7 Seater,Chevrolet,2013,390000,33000,Diesel
736,Jaguar XF 2.2 Litre Luxury,Jaguar,2014,1964999,28000,Diesel
737,Mercedes-Benz New C-Class 220 CDI AT,Mercedes-Benz,2013,1425000,59000,Diesel
738,Maruti Vitara Brezza ZDi Plus AMT,Maruti,2018,975000,4500,Diesel
739,Audi Q5 2.0 TDI,Audi,2011,1190000,175900,Diesel
740,Honda City V MT,Honda,2018,930000,14500,Petrol
741,Tata Tigor 1.2 Revotron XT,Tata,2018,525000,15000,Petrol
742,Audi A6 2.0 TDI  Design Edition,Audi,2013,1735000,50000,Diesel
743,Mercedes-Benz New C-Class C 220 CDI Avantgarde,Mercedes-Benz,2012,1375000,33800,Diesel
744,Skoda Superb Ambition 2.0 TDI CR AT,Skoda,2011,450000,130400,Diesel
745,Toyota Corolla Altis G AT,Toyota,2016,900000,50000,Petrol
746,Toyota Innova 2.5 G (Diesel) 7 Seater,Toyota,2015,1300000,80000,Diesel
747,Jeep Compass 1.4 Sport Plus BSIV,Jeep,2019,1400000,10000,Petrol
748,Mercedes-Benz E-Class E 200 CGI Elegance,Mercedes-Benz,2010,850000,119000,Petrol
749,Hyundai i10 Magna 1.1L,Hyundai,2014,229999,60000,Petrol
750,BMW 3 Series 320d Sport Line,BMW,2013,1550000,75800,Diesel
751,Audi Q7 35 TDI Quattro Premium,Audi,2009,1250000,78000,Diesel
752,Hyundai Elantra CRDi S,Hyundai,2012,625000,40000,Diesel
753,Mahindra Scorpio 1.99 S10,Mahindra,2014,1050000,50000,Diesel
754,Honda City i DTEC V,Honda,2014,560000,74000,Diesel
755,Maruti Wagon R VXI BS IV with ABS,Maruti,2014,290000,64000,Petrol
756,Maruti Wagon R VXI BS IV,Maruti,2012,275000,60000,Petrol
757,Mahindra Scorpio LX,Mahindra,2009,411000,120000,Diesel
758,Hyundai Santro Xing GLS,Hyundai,2009,150000,79000,Petrol
759,Hyundai Grand i10 1.2 Kappa Asta,Hyundai,2019,500000,15000,Petrol
760,Maruti Alto LXi,Maruti,2006,100000,80000,Petrol
761,Maruti Swift Dzire VDI Optional,Maruti,2017,725000,18500,Diesel
762,Maruti Eeco 5 Seater AC BSIV,Maruti,2018,401000,10200,Petrol
763,Hyundai i20 Sportz 1.4 CRDi,Hyundai,2018,750000,29000,Diesel
764,Maruti Omni Maruti Omni MPI STD BSIII 5-STR W/ IMMOBILISER,Maruti,2018,310000,28000,Petrol
765,Maruti Swift ZDi BSIV,Maruti,2016,665000,46000,Diesel
766,Hyundai i20 2015-2017 Sportz Option 1.4 CRDi,Hyundai,2014,465000,70000,Diesel
767,Maruti Alto LXi,Maruti,2012,160000,60000,Petrol
768,Mahindra Jeep CL 500 MDI,Mahindra,1996,250000,35000,Diesel
769,Honda City i DTEC VX,Honda,2014,675000,90000,Diesel
770,Maruti Wagon R VXI BS IV,Maruti,2013,300000,80000,Petrol
771,Tata Indica DLS,Tata,2005,70000,80000,Diesel
772,Hyundai EON Magna Plus,Hyundai,2014,240000,73300,Petrol
773,Toyota Etios GD,Toyota,2014,525000,92000,Diesel
774,Maruti Alto LXi,Maruti,2009,151000,66764,Petrol
775,Maruti Alto LXi,Maruti,2009,140000,100000,Petrol
776,Chevrolet Tavera Neo LS B3 - 7(C) seats BSIII,Chevrolet,2010,280000,350000,Diesel
777,Toyota Corolla Altis Diesel D4DG,Toyota,2011,350000,230000,Diesel
778,Mahindra Scorpio 1.99 S6 Plus,Mahindra,2017,570000,60000,Diesel
779,Hyundai EON Magna Plus,Hyundai,2018,300000,31000,Petrol
780,Tata Indigo Classic Dicor,Tata,2007,100000,39000,Diesel
781,Toyota Innova 2.5 V Diesel 8-seater,Toyota,2009,500000,120000,Diesel
782,Tata Indica Vista Quadrajet LS,Tata,2014,125000,166000,Diesel
783,Maruti Swift 1.3 VXi,Maruti,2006,130000,110000,Petrol
784,Ford EcoSport 1.5 Diesel Titanium BSIV,Ford,2017,925000,35000,Diesel
785,Maruti Ciaz 1.3 Delta,Maruti,2018,750000,60000,Diesel
786,Honda Civic 1.8 V AT,Honda,2007,200000,54000,Petrol
787,Hyundai i10 Sportz 1.2,Hyundai,2010,248000,63000,Petrol
788,Skoda Rapid 1.5 TDI Elegance,Skoda,2014,450000,120000,Diesel
789,Hyundai Getz GLS,Hyundai,2005,80000,120000,Petrol
790,Nissan Terrano XL,Nissan,2014,650000,76000,Petrol
791,Hyundai Grand i10 CRDi Sportz,Hyundai,2015,450000,80000,Diesel
792,Hyundai Elite i20 Diesel Era,Hyundai,2019,650000,25000,Diesel
793,Honda Amaze S i-VTEC,Honda,2016,495000,11958,Petrol
794,Honda Brio S MT,Honda,2015,371000,20000,Petrol
795,Hyundai Creta 1.6 SX Option,Hyundai,2017,1025000,9000,Petrol
796,Mercedes-Benz S-Class S 350d Connoisseurs Edition,Mercedes-Benz,2017,8150000,6500,Diesel
797,Mahindra XUV500 W8 2WD,Mahindra,2015,750000,70000,Diesel
798,Renault Duster 85PS Diesel RxL Optional,Renault,2013,600000,120000,Diesel
799,Hyundai Santro Xing XO,Hyundai,2007,80000,58000,Petrol
800,Mahindra Bolero 2011-2019 SLE,Mahindra,2013,325000,62200,Diesel
801,Audi A6 2.0 TDI Premium Plus,Audi,2014,1470000,34000,Diesel
802,Fiat Avventura MULTIJET Emotion,Fiat,2015,350000,53000,Diesel
803,Audi A8 4.2 TDI,Audi,2013,2800000,49000,Diesel
804,Datsun RediGO 1.0 S,Datsun,2017,210000,15000,Petrol
805,Volkswagen Jetta 1.4 TSI Comfortline,Volkswagen,2013,450000,50000,Petrol
806,Audi A4 2.0 TDI 177 Bhp Premium Plus,Audi,2013,1150000,53000,Diesel
807,Honda Civic 1.8 V AT,Honda,2009,210000,63500,Petrol
808,Mercedes-Benz E-Class Exclusive E 200 BSIV,Mercedes-Benz,2018,4500000,9800,Petrol
809,BMW X1 sDrive 20d xLine,BMW,2017,2750000,13000,Diesel
810,Volvo V40 D3 R Design,Volvo,2018,1975000,21000,Diesel
811,Maruti SX4 Zxi BSIII,Maruti,2008,175000,29173,Petrol
812,BMW 7 Series 730Ld,BMW,2012,2500000,48000,Diesel
813,Mahindra Bolero Power Plus SLX,Mahindra,2017,628000,120000,Diesel
814,Hyundai Sonata CRDi M/T,Hyundai,2010,600000,100000,Diesel
815,Nissan Micra Active XV Petrol,Nissan,2017,399000,30000,Petrol
816,Mahindra Xylo D4,Mahindra,2018,750000,87000,Diesel
817,Hyundai Elite i20 Sportz Plus Dual Tone BSIV,Hyundai,2019,750000,15000,Petrol
818,Renault KWID RXT,Renault,2017,315000,16000,Petrol
819,Mahindra Xylo E4 BS III,Mahindra,2012,600000,60000,Diesel
820,Maruti Wagon R LXI Minor,Maruti,2010,100000,60000,Petrol
821,Maruti SX4 ZXI MT BSIV,Maruti,2011,250000,110000,Petrol
822,Renault KWID RXT,Renault,2017,350000,25000,Petrol
823,Hyundai Creta 1.4 CRDi S,Hyundai,2016,780000,60000,Diesel
824,Maruti Swift Dzire VDI,Maruti,2014,434000,79350,Diesel
825,Hyundai Verna 1.6 VTVT AT S Option,Hyundai,2016,690000,80000,Petrol
826,Mahindra Scorpio LX BSIV,Mahindra,2014,555000,90000,Diesel
827,Maruti SX4 Vxi BSIII,Maruti,2007,120000,90000,Petrol
828,Maruti Ertiga VDI,Maruti,2014,500000,120000,Diesel
829,Chevrolet Beat Diesel,Chevrolet,2013,165000,60000,Diesel
830,Maruti Zen LX,Maruti,2004,95000,50000,Petrol
831,Maruti Baleno Delta 1.2,Maruti,2018,550000,20000,Petrol
832,Maruti Swift Vdi BSIII,Maruti,2007,100000,110000,Diesel
833,Tata Nano Lx BSIV,Tata,2012,100000,50000,Petrol
834,Toyota Innova 2.5 GX (Diesel) 8 Seater,Toyota,2012,500000,100000,Diesel
835,Maruti Ertiga SHVS VDI,Maruti,2016,800000,70000,Diesel
836,Hyundai Creta 1.6 CRDi SX,Hyundai,2016,840000,70000,Diesel
837,Honda Amaze S i-Vtech,Honda,2016,490000,50000,Petrol
838,Tata Indica Vista Aqua 1.4 TDI,Tata,2010,125000,81000,Diesel
839,Chevrolet Tavera Neo 2 LS B4 7 Str BSIII,Chevrolet,2012,400000,120000,Diesel
840,Chevrolet Cruze LTZ,Chevrolet,2015,1000000,3600,Diesel
841,Ford Figo Aspire 1.2 Ti-VCT Titanium Plus,Ford,2015,530000,14272,Petrol
842,Ford EcoSport 1.5 Diesel Titanium Plus BSIV,Ford,2017,840000,49213,Diesel
843,Hyundai i10 Sportz 1.1L,Hyundai,2015,229999,40000,Petrol
844,Maruti 800 Std,Maruti,1998,40000,40000,Petrol
845,Chevrolet Spark 1.0 LS,Chevrolet,2012,130000,80000,Petrol
846,Hyundai EON Era Plus,Hyundai,2015,200000,70000,Petrol
847,Tata Indica Vista Aqua TDI BSIII,Tata,2011,120000,70000,Diesel
848,Hyundai Santro LP zipPlus,Hyundai,2003,75000,57000,Petrol
849,Tata Bolt Quadrajet XE,Tata,2016,250000,120000,Diesel
850,Maruti 800 AC BSIII,Maruti,2005,100000,30000,Petrol
851,Hyundai EON Era Plus,Hyundai,2013,280000,3240,Petrol
852,Hyundai i20 Magna 1.2,Hyundai,2015,540000,5000,Petrol
853,Hyundai i20 1.2 Asta,Hyundai,2018,700000,10000,Petrol
854,Maruti Ciaz VDi Plus,Maruti,2015,525000,100000,Diesel
855,Hyundai i20 Asta 1.4 CRDi,Hyundai,2016,430000,80000,Diesel
856,Hyundai Santro LE,Hyundai,2002,65000,70000,Petrol
857,Maruti Vitara Brezza VDi,Maruti,2018,800000,35000,Diesel
858,Hyundai Santro Xing XL eRLX Euro III,Hyundai,2007,75000,114000,Petrol
859,Hyundai Getz 1.3 GLS,Hyundai,2008,210000,53772,Petrol
860,Mahindra Quanto C8,Mahindra,2012,195000,140000,Diesel
861,Chevrolet Tavera Neo 3 LS 7 C BSIII,Chevrolet,2015,400000,120000,Diesel
862,Hyundai EON Magna Plus,Hyundai,2012,170000,60000,Petrol
863,Renault KWID RXT,Renault,2016,225000,25000,Petrol
864,Maruti Wagon R DUO LPG,Maruti,2014,210000,90000,LPG
865,Maruti Wagon R LXI,Maruti,2020,240000,120000,Petrol
866,Chevrolet Enjoy 1.3 TCDi LS 8,Chevrolet,2015,300000,175000,Diesel
867,Chevrolet Spark 1.0 LS,Chevrolet,2011,99000,100000,Petrol
868,Honda City i VTEC SV,Honda,2014,620000,36000,Petrol
869,Honda Amaze VX i-DTEC,Honda,2013,500000,30000,Diesel
870,Jaguar XJ 5.0 L V8 Supercharged,Jaguar,2010,2550000,40000,Petrol
871,Honda Brio E MT,Honda,2013,260000,70000,Petrol
872,Maruti Swift VVT ZXI,Maruti,2017,550000,60000,Petrol
873,Tata Indigo CR4,Tata,2011,150000,155500,Diesel
874,Hyundai i10 Asta AT,Hyundai,2011,350000,50000,Petrol
875,Chevrolet Beat LT,Chevrolet,2016,320000,40000,Petrol
876,Maruti Swift VDI BSIV,Maruti,2015,400000,100000,Diesel
877,Maruti Alto LXi,Maruti,2012,175000,80000,Petrol
878,Chevrolet Beat LT,Chevrolet,2011,120000,90000,Petrol
879,Renault Duster 110PS Diesel RxZ,Renault,2013,320000,90000,Diesel
880,Hyundai Santro Xing XG,Hyundai,2006,70000,110000,Petrol
881,Maruti Swift Dzire ZXI Plus,Maruti,2019,810000,15000,Petrol
882,Maruti 800 AC,Maruti,2007,95000,100000,Petrol
883,Maruti Alto K10 LXI CNG,Maruti,2020,282000,40000,CNG
884,Maruti 800 Std BSII,Maruti,2004,80000,60000,Petrol
885,Tata Nano LX SE,Tata,2013,72000,25000,Petrol
886,Hyundai i20 Magna 1.2,Hyundai,2016,600000,25000,Petrol
887,Skoda Rapid 1.6 MPI Ambition With Alloy Wheel,Skoda,2015,640000,23000,Petrol
888,Maruti Alto K10 VXI,Maruti,2018,380000,22155,Petrol
889,Maruti Ciaz 1.4 Delta,Maruti,2018,650000,70000,Petrol
890,Maruti Alto LX,Maruti,2009,150000,60000,Petrol
891,Hyundai i20 Asta,Hyundai,2009,280000,110000,Petrol
892,Tata Nexon 1.2 Revotron XM,Tata,2018,430000,30000,Petrol
893,Mahindra Bolero Power Plus SLX,Mahindra,2019,800000,15000,Diesel
894,Maruti Zen D,Maruti,2003,75000,100000,Diesel
895,Volkswagen Vento Celeste 1.5 TDI Highline AT,Volkswagen,2016,650000,70000,Diesel
896,Maruti Eeco 7 Seater Standard BSIV,Maruti,2017,390000,24000,Petrol
897,Honda City 1.5 EXI,Honda,2005,100000,120000,Petrol
898,Mercedes-Benz New C-Class 220 CDI AT,Mercedes-Benz,2013,1500000,35000,Diesel
899,Maruti SX4 Zxi with Leather BSIII,Maruti,2007,175000,78380,Petrol
900,Renault Duster 110PS Diesel RxZ,Renault,2012,434999,110000,Diesel
901,Ford Figo Diesel Titanium,Ford,2010,170000,90000,Diesel
902,Ford Figo Diesel Titanium,Ford,2011,190000,90000,Diesel
903,Maruti Swift Dzire VDi,Maruti,2009,250000,150000,Diesel
904,Mahindra Xylo E4,Mahindra,2009,229999,230000,Diesel
905,Maruti Esteem Vxi - BSIII,Maruti,2006,140000,70000,Petrol
906,Maruti Swift VDI BSIV,Maruti,2017,600000,80362,Diesel
907,Hyundai i20 1.2 Sportz,Hyundai,2012,280000,110000,Petrol
908,Chevrolet Beat Diesel LT,Chevrolet,2012,150000,60000,Diesel
909,Chevrolet Cruze LTZ AT,Chevrolet,2015,650000,50000,Diesel
910,Nissan Micra XL,Nissan,2014,210000,40000,Petrol
911,BMW 5 Series 520d Luxury Line,BMW,2017,2900000,40000,Diesel
912,Chevrolet Enjoy 1.3 TCDi LS 8,Chevrolet,2013,425000,20000,Diesel
913,Hyundai EON Era Plus Option,Hyundai,2014,265000,55000,Petrol
914,Fiat Linea T Jet Emotion,Fiat,2018,890000,1136,Petrol
915,Renault Scala RxL,Renault,2013,365000,55000,Petrol
916,Ford Figo Petrol Titanium,Ford,2014,350000,43000,Petrol
917,Maruti Ciaz ZDi SHVS,Maruti,2016,685000,60000,Diesel
918,Skoda Rapid 1.5 TDI Ambition BSIV,Skoda,2018,940000,2650,Diesel
919,Mahindra XUV500 W6 2WD,Mahindra,2017,1000000,40000,Diesel
920,Mahindra XUV300 W8 Option,Mahindra,2019,1150000,15000,Petrol
921,Maruti Ertiga SHVS ZDI,Maruti,2016,450000,115962,Diesel
922,Nissan Terrano XE D,Nissan,2015,590000,65000,Diesel
923,Maruti S-Cross Facelift,Maruti,2017,800000,40000,Diesel
924,Hyundai i20 Magna 1.4 CRDi (Diesel),Hyundai,2012,385000,58000,Diesel
925,Mercedes-Benz New C-Class C 220 CDI BE Avantgare,Mercedes-Benz,2013,2000000,15000,Diesel
926,Hyundai EON Era Plus,Hyundai,2012,235000,54000,Petrol
927,Volkswagen Ameo 1.5 TDI Highline,Volkswagen,2017,640000,56000,Diesel
928,Maruti Alto LX,Maruti,2006,52000,120000,Petrol
929,Maruti Omni LPG CARGO BSIII W IMMOBILISER,Maruti,2009,80000,90000,LPG
930,Maruti Alto LX,Maruti,2012,140000,70000,Petrol
931,Hyundai Verna i (Petrol),Hyundai,2008,120000,90000,Petrol
932,Mahindra Renault Logan 1.5 DLS,Mahindra,2008,89999,213000,Diesel
933,Chevrolet Optra Magnum 2.0 LS BSIII,Chevrolet,2012,180000,120000,Diesel
934,Mahindra Scorpio S11 BSIV,Mahindra,2017,1500000,20000,Diesel
935,Hyundai i20 Active 1.2 SX,Hyundai,2017,700000,10000,Petrol
936,Maruti SX4 Celebration Diesel,Maruti,2012,285000,80000,Diesel
937,Hyundai Grand i10 Magna,Hyundai,2015,390000,90000,Petrol
938,Maruti Alto LXi BSIII,Maruti,2008,125000,80000,Petrol
939,Maruti SX4 Zxi with Leather BSIII,Maruti,2008,225000,60000,Petrol
940,Hyundai i10 Era,Hyundai,2011,175000,139000,Petrol
941,Toyota Innova 2.5 V Diesel 7-seater,Toyota,2011,1075000,160000,Diesel
942,Honda Mobilio V i DTEC,Honda,2014,300000,150000,Diesel
943,Toyota Innova 2.5 G (Diesel) 7 Seater BS IV,Toyota,2010,700000,163000,Diesel
944,Tata Indica V2 2001-2011 DLS BSIII,Tata,2009,90000,120000,Diesel
945,Tata Indica Vista TDI LS,Tata,2011,120000,120000,Diesel
946,Chevrolet Beat Diesel LS,Chevrolet,2012,220000,100000,Diesel
947,Tata Zest Quadrajet 1.3 75PS XE,Tata,2015,300000,140000,Diesel
948,Skoda Fabia 1.2L Diesel Ambiente,Skoda,2010,180000,87000,Diesel
949,Maruti 800 Std,Maruti,2013,170000,70000,Petrol
950,Ford Figo Petrol Titanium,Ford,2015,300000,50000,Petrol
951,Toyota Innova 2.5 VX (Diesel) 8 Seater,Toyota,2014,1050000,70000,Diesel
952,Hyundai Grand i10 1.2 CRDi Asta,Hyundai,2018,465000,25000,Diesel
953,Chevrolet Beat Diesel LT,Chevrolet,2011,130000,80000,Diesel
954,Datsun GO Plus T Option Petrol,Datsun,2018,434999,10000,Petrol
955,Hyundai Grand i10 1.2 Kappa Asta,Hyundai,2018,500000,32000,Petrol
956,Maruti Omni MPI STD BSIV,Maruti,2018,200000,10000,Petrol
957,Maruti Baleno Alpha 1.2,Maruti,2017,625000,52000,Petrol
958,Ford Fiesta Classic 1.4 SXI Duratorq,Ford,2006,110000,120000,Diesel
959,Hyundai Elite i20 Asta Option BSIV,Hyundai,2019,800000,11240,Petrol
960,Hyundai Grand i10 CRDi Magna,Hyundai,2017,490000,66000,Diesel
961,Maruti Ertiga SHVS ZDI,Maruti,2017,880000,64000,Diesel
962,Hyundai Santro Xing GL Plus,Hyundai,2013,290000,49000,Petrol
963,Tata Sumo GX TC 7 Str BSIII,Tata,2006,115999,100000,Diesel
964,Renault KWID RXT,Renault,2018,360000,26500,Petrol
965,Maruti 800 AC,Maruti,2002,65000,100000,Petrol
966,Maruti Vitara Brezza LDi Option,Maruti,2017,685000,72000,Diesel
967,Honda Jazz S,Honda,2009,300000,50000,Petrol
968,Hyundai i20 1.4 Sportz,Hyundai,2017,680000,44000,Diesel
969,Maruti Ertiga SHVS ZDI Plus,Maruti,2017,1000000,60000,Diesel
970,Tata Sumo SE Plus BSIII,Tata,2002,100000,120000,Diesel
971,Mahindra Xylo E4,Mahindra,2010,160000,130000,Diesel
972,Maruti Swift ZDi BSIV,Maruti,2017,450000,70000,Diesel
973,Maruti Ertiga VXI,Maruti,2014,600000,20000,Petrol
974,Hyundai i20 1.4 Magna ABS,Hyundai,2009,180000,60000,Diesel
975,Maruti Alto LXi,Maruti,2007,100000,195000,Petrol
976,Maruti Alto LXi,Maruti,2010,120000,90000,Petrol
977,Hyundai Getz GL,Hyundai,2006,130000,80000,Petrol
978,Maruti Wagon R LX BS IV,Maruti,2011,160000,155000,Petrol
979,Mahindra Bolero Power Plus SLX,Mahindra,2019,860000,35000,Diesel
980,Hyundai i20 1.2 Spotz,Hyundai,2018,650000,20000,Petrol
981,Maruti Wagon R LXI Minor,Maruti,2010,100000,80000,Petrol
982,Maruti Alto 800 VXI,Maruti,2017,282000,20000,Petrol
983,Hyundai i20 Asta (o),Hyundai,2009,300000,50000,Petrol
984,Hyundai i20 Asta,Hyundai,2010,270000,110000,Petrol
985,Hyundai Verna 1.6 SX CRDi (O),Hyundai,2013,550000,29000,Diesel
986,Mahindra Xylo D2 BSIV,Mahindra,2013,450000,120000,Diesel
987,Mahindra Bolero SLX 2WD BSIII,Mahindra,2011,430000,70000,Diesel
988,Maruti Ertiga VXI ABS,Maruti,2013,350000,40000,Petrol
989,Honda Brio 1.2 E MT,Honda,2017,350000,20000,Petrol
990,Toyota Etios Liva G,Toyota,2013,229999,50000,Petrol
991,Maruti Alto 800 LXI,Maruti,2013,110000,50000,Petrol
992,Maruti Swift Dzire 1.2 Vxi BSIV,Maruti,2012,395000,49000,Petrol
993,Mahindra Scorpio VLS AT 2.2 mHAWK,Mahindra,2011,650000,70000,Diesel
994,Mahindra Bolero SLX,Mahindra,2011,350000,90000,Diesel
995,Mahindra XUV500 W11 Option AWD,Mahindra,2020,1400000,25000,Diesel
996,Tata Tiago 1.2 Revotron XZ,Tata,2018,360000,4000,Petrol
997,Mahindra Marazzo M8 8Str,Mahindra,2018,1300000,10000,Diesel
998,Renault Duster 110PS Diesel RxL,Renault,2015,800000,15000,Diesel
999,Hyundai EON Magna Plus,Hyundai,2018,229999,30000,Petrol
1000,Maruti Wagon R VXI,Maruti,2014,315000,41000,Petrol
1001,Chevrolet Spark 1.0 LT,Chevrolet,2012,125000,28000,Petrol
1002,Maruti Baleno Alpha,Maruti,2019,700000,16000,Petrol
1003,Hyundai EON 1.0 Kappa Magna Plus,Hyundai,2015,160000,70000,Petrol
1004,Ford Figo Aspire 1.2 Ti-VCT Trend,Ford,2017,530000,10832,Petrol
1005,Ford Figo Aspire Facelift,Ford,2018,624000,14681,Diesel
1006,Hyundai i10 Era,Hyundai,2009,250000,50000,Petrol
1007,Mahindra Bolero SLX,Mahindra,2016,585000,51000,Diesel
1008,Hyundai Verna 1.4 VTVT,Hyundai,2015,500000,25000,Petrol
1009,Chevrolet Sail 1.2 LT ABS,Chevrolet,2014,350000,30000,Petrol
1010,Honda City i-DTEC SV,Honda,2014,495000,80000,Diesel
1011,Hyundai Grand i10 1.2 Kappa Asta,Hyundai,2017,500000,50000,Petrol
1012,Mahindra Bolero Power Plus Plus AC BSIV PS,Mahindra,2015,430000,200000,Diesel
1013,Hyundai Grand i10 1.2 Kappa Sportz Option,Hyundai,2013,345000,44000,Petrol
1014,Maruti Baleno Sigma 1.2,Maruti,2015,500000,10000,Petrol
1015,Tata Tiago 1.2 Revotron XZ,Tata,2019,425000,19600,Petrol
1016,Maruti Wagon R LXI,Maruti,2005,80000,40000,Petrol
1017,Chevrolet Beat Diesel LS,Chevrolet,2011,106000,50000,Diesel
1018,Maruti A-Star Vxi,Maruti,2009,180000,46730,Petrol
1019,Datsun GO A,Datsun,2015,250000,40000,Petrol
1020,Skoda Yeti Ambition 4WD,Skoda,2011,350000,80000,Diesel
1021,Maruti Zen LXi BSII,Maruti,2002,60000,80000,Petrol
1022,Hyundai Verna CRDi 1.6 EX,Hyundai,2018,900000,24000,Diesel
1023,Ford Aspire Titanium Diesel BSIV,Ford,2017,700000,21170,Diesel
1024,BMW 3 Series 320d Sport,BMW,2013,2000000,167223,Diesel
1025,Maruti Ertiga SHVS ZDI Plus,Maruti,2017,1000000,40000,Diesel
1026,BMW X1 sDrive 20d Exclusive,BMW,2011,1375000,60000,Diesel
1027,Toyota Innova Crysta 2.4 VX MT,Toyota,2016,1800000,141440,Diesel
1028,Chevrolet Tavera Neo 3 10 Seats BSIV,Chevrolet,2007,160000,120000,Diesel
1029,Mitsubishi Outlander 2.4,Mitsubishi,2012,525000,140000,Petrol
1030,Mahindra XUV500 W8 2WD,Mahindra,2012,850000,212814,Diesel
1031,Maruti Baleno Alpha 1.3,Maruti,2019,800000,30000,Diesel
1032,Ford Figo Aspire 1.5 TDCi Titanium,Ford,2017,700000,88635,Diesel
1033,Maruti Swift Dzire VDI,Maruti,2018,800000,25000,Diesel
1034,Hyundai i20 1.2 Spotz,Hyundai,2017,575000,20000,Petrol
1035,Renault Duster 110PS Diesel RxZ,Renault,2012,350000,110000,Diesel
1036,Maruti Swift Vdi BSIII,Maruti,2008,250000,120000,Diesel
1037,Ford Endeavour Titanium 4X2,Ford,2011,600000,149674,Diesel
1038,Mahindra Scorpio 2.6 Turbo 9 Str,Mahindra,2007,370000,100000,Diesel
1039,Maruti Baleno Vxi,Maruti,2006,80000,120000,Petrol
1040,Tata Indica DLX,Tata,2003,50000,120000,Diesel
1041,Hyundai Verna CRDi 1.6 EX,Hyundai,2018,900000,25000,Diesel
1042,Maruti Wagon R VXI BS IV,Maruti,2014,300000,35000,Petrol
1043,Tata Indica LSI,Tata,2002,125000,40000,Petrol
1044,Maruti Swift Dzire VDI,Maruti,2015,490000,60000,Diesel
1045,Toyota Etios Liva GD,Toyota,2012,300000,50000,Diesel
1046,Tata Nano STD,Tata,2013,55000,25000,Petrol
1047,Hyundai Grand i10 Sportz,Hyundai,2016,350000,25000,Petrol
1048,Hyundai Grand i10 1.2 CRDi Asta,Hyundai,2019,755000,8000,Diesel
1049,Maruti Ertiga SHVS VDI,Maruti,2017,720000,60000,Diesel
1050,Mahindra Bolero SLX,Mahindra,2006,229999,200000,Diesel
1051,Mahindra Scorpio S7 140 BSIV,Mahindra,2018,1100000,20000,Diesel
1052,Volkswagen Polo Petrol Comfortline 1.2L,Volkswagen,2013,400000,100000,Petrol
1053,Hyundai Xcent 1.1 CRDi Base,Hyundai,2015,350000,70000,Diesel
1054,Chevrolet Beat Diesel PS,Chevrolet,2012,159000,68000,Diesel
1055,Maruti Swift ZXi BSIV,Maruti,2017,550000,38000,Petrol
1056,Maruti Ritz VDi,Maruti,2013,335000,80000,Diesel
1057,Tata Indigo CS Emax CNG GLX,Tata,2014,185000,72000,CNG
1058,Maruti Eeco 5 STR With AC Plus HTR CNG,Maruti,2012,229999,75000,CNG
1059,Maruti Estilo LXI,Maruti,2014,225000,43000,Petrol
1060,Maruti Swift VXI with ABS,Maruti,2007,250000,120000,Petrol
1061,Tata Zest Quadrajet 1.3 XM,Tata,2015,400000,100000,Diesel
1062,Maruti Swift VDI BSIV,Maruti,2014,470000,163000,Diesel
1063,Maruti Alto K10 VXI AGS Optional,Maruti,2018,300000,25000,Petrol
1064,Maruti Alto LX,Maruti,2011,145000,25000,Petrol
1065,Maruti SX4 Vxi BSIII,Maruti,2007,100000,90000,Petrol
1066,Mahindra Scorpio SLE BSIV,Mahindra,2014,500000,70000,Diesel
1067,Hyundai Santro Xing GLS CNG,Hyundai,2010,130000,98000,CNG
1068,Chevrolet Cruze LTZ,Chevrolet,2010,240000,81925,Diesel
1069,Ford Figo Diesel Celebration Edition,Ford,2013,150000,80000,Diesel
1070,Renault KWID RXT Optional,Renault,2017,270000,40000,Petrol
1071,Maruti Swift Dzire VDI,Maruti,2014,400000,90000,Diesel
1072,Hyundai EON Era Plus,Hyundai,2012,200000,46000,Petrol
1073,Mahindra XUV500 W6 2WD,Mahindra,2012,550000,80000,Diesel
1074,Renault KWID 1.0 RXT Optional,Renault,2018,325000,35000,Petrol
1075,Skoda Rapid 1.5 TDI AT Style BSIV,Skoda,2017,860000,82080,Diesel
1076,Mahindra XUV500 W8 2WD,Mahindra,2012,600000,200000,Diesel
1077,Chevrolet Spark 1.0,Chevrolet,2009,125000,70000,Petrol
1078,Maruti 800 AC,Maruti,2000,60000,40000,Petrol
1079,Chevrolet Tavera Neo 3 10 Seats BSIV,Chevrolet,2010,300000,120000,Diesel
1080,Ford Fiesta 1.6 ZXi Duratec,Ford,2007,190000,60000,Petrol
1081,Maruti Ertiga VDI,Maruti,2013,400000,110000,Diesel
1082,Tata Manza Aura Quadrajet BS IV,Tata,2011,260000,97000,Diesel
1083,Maruti Swift VVT VXI,Maruti,2017,400000,30000,Petrol
1084,Hyundai i20 Sportz Petrol,Hyundai,2010,250000,40000,Petrol
1085,Hyundai Grand i10 1.2 Kappa Asta,Hyundai,2019,600000,10000,Petrol
1086,Maruti Zen Estilo VXI BSIV,Maruti,2010,175000,52047,Petrol
1087,Toyota Innova 2.5 G (Diesel) 8 Seater BS IV,Toyota,2011,450000,200000,Diesel
1088,Tata Tiago 1.2 Revotron XZA,Tata,2019,350000,15000,Petrol
1089,Maruti Vitara Brezza ZDi,Maruti,2018,800000,50000,Diesel
1090,Maruti Swift VXI BSIII,Maruti,2011,250000,70000,Petrol
1091,Maruti Swift VXI BSIV,Maruti,2019,600000,10000,Petrol
1092,Maruti Swift VDI BSIV,Maruti,2017,600000,90000,Diesel
1093,Maruti Alto 800 LXI,Maruti,2016,130000,40000,Petrol
1094,Maruti Wagon R LXI,Maruti,2006,90000,62009,Petrol
1095,Hyundai i20 Active 1.2 S,Hyundai,2017,595000,33100,Petrol
1096,Hyundai EON Era Plus,Hyundai,2014,190000,40000,Petrol
1097,Hyundai Santro GLS I - Euro I,Hyundai,1999,50000,120000,Petrol
1098,Maruti Wagon R LXI Minor,Maruti,2007,95000,80000,Petrol
1099,Tata Safari Storme VX,Tata,2016,1000000,70000,Diesel
1100,Mahindra Scorpio REV 116,Mahindra,2006,220000,220000,Petrol
1101,Mahindra Bolero SLX,Mahindra,2010,400000,50000,Diesel
1102,Datsun GO Plus A,Datsun,2015,315000,45000,Petrol
1103,Toyota Fortuner 4x4 MT,Toyota,2014,1000000,110000,Diesel
1104,Ford Ecosport 1.5 DV5 MT Titanium,Ford,2014,500000,49000,Diesel
1105,Mahindra XUV500 W11 AT BSIV,Mahindra,2018,1600000,35000,Diesel
1106,Mahindra Supro VX 8 Str,Mahindra,2017,500000,160000,Diesel
1107,Maruti Alto LX,Maruti,2007,70000,180000,Petrol
1108,Maruti 800 AC,Maruti,2007,105000,60000,Petrol
1109,Ford Endeavour 2.5L 4X2 MT,Ford,2008,400000,110000,Diesel
1110,Maruti Wagon R LXI,Maruti,2004,80000,60000,Petrol
1111,Maruti Alto 800 VXI,Maruti,2016,300000,30000,Petrol
1112,Mahindra KUV 100 D75 K2,Mahindra,2017,409999,40000,Diesel
1113,Maruti Swift Glam,Maruti,2009,250000,70000,Petrol
1114,Tata New Safari DICOR 2.2 EX 4x2,Tata,2010,250000,120000,Diesel
1115,Maruti Swift Dzire VDI,Maruti,2012,215000,80000,Diesel
1116,Toyota Fortuner 4x4 MT,Toyota,2015,1400000,120000,Diesel
1117,Honda Brio 1.2 VX MT,Honda,2018,475000,20000,Petrol
1118,Honda Brio 1.2 VX MT,Honda,2018,475000,22000,Petrol
1119,Chevrolet Spark 1.0 LS,Chevrolet,2008,75000,35000,Petrol
1120,Chevrolet Sail Hatchback LS ABS,Chevrolet,2013,200000,120000,Diesel
1121,Tata Tiago NRG Petrol,Tata,2019,575000,8000,Petrol
1122,Maruti Ritz VDi,Maruti,2011,150000,40000,Diesel
1123,Maruti Vitara Brezza ZDi Plus,Maruti,2018,850000,10000,Diesel
1124,Hyundai Santro Era,Hyundai,2019,350000,30000,Petrol
1125,Ford Endeavour 2.5L 4X2 MT,Ford,2011,550000,54000,Diesel
1126,Hyundai Verna 1.4 VTVT,Hyundai,2017,330000,80577,Petrol
1127,Honda City i-DTEC V,Honda,2017,1044999,25000,Diesel
1128,Hyundai Verna 1.6 CRDI,Hyundai,2011,300000,127500,Diesel
1129,Hyundai EON D Lite Plus,Hyundai,2015,235000,40903,Petrol
1130,Ford Figo Petrol Titanium,Ford,2011,120000,60000,Petrol
1131,Maruti Wagon R VXI,Maruti,2004,130000,46000,Petrol
1132,Ford Endeavour 4x4 XLT,Ford,2004,275000,22288,Diesel
1133,Volkswagen Jetta 2.0 TDI Trendline,Volkswagen,2011,270000,180000,Diesel
1134,Volkswagen Polo 1.5 TDI Highline,Volkswagen,2015,500000,30000,Diesel
1135,Hyundai Grand i10 Sportz,Hyundai,2015,400000,61690,Petrol
1136,Hyundai i20 Asta 1.2,Hyundai,2015,600000,64484,Petrol
1137,Audi Q5 2.0 TDI,Audi,2012,1350000,90000,Diesel
1138,Renault Duster 85PS Diesel RxE,Renault,2013,400000,75976,Diesel
1139,Ford Figo Diesel Titanium,Ford,2011,220000,70000,Diesel
1140,Honda Brio E MT,Honda,2012,300000,85962,Petrol
1141,Maruti Omni E MPI STD BS IV,Maruti,2018,250000,120000,Petrol
1142,Honda Mobilio V i DTEC,Honda,2015,600000,120000,Diesel
1143,Honda Brio S Option AT,Honda,2012,285000,75000,Petrol
1144,Honda Accord 2.4 MT,Honda,2009,350000,57035,Petrol
1145,Mahindra Bolero SLX,Mahindra,2011,170000,70000,Diesel
1146,Ford Figo 1.2P Ambiente MT,Ford,2015,229999,45000,Petrol
1147,Mahindra XUV500 W6 2WD,Mahindra,2013,500000,72104,Diesel
1148,Tata Nano Lx,Tata,2011,75000,15000,Petrol
1149,Hyundai i20 Active 1.2 SX,Hyundai,2016,600000,30000,Petrol
1150,Tata Indigo LS Dicor,Tata,2011,220000,80000,Diesel
1151,Tata Indica Vista Terra 1.4 TDI,Tata,2009,150000,164000,Diesel
1152,Maruti Alto LX,Maruti,2006,65000,124439,Petrol
1153,Maruti Zen VXI,Maruti,2006,120000,77000,Petrol
1154,Maruti Swift Dzire VDI,Maruti,2014,240000,90000,Diesel
1155,Renault KWID 1.0 RXT Optional,Renault,2017,390000,30000,Petrol
1156,Chevrolet Beat LS,Chevrolet,2012,180000,50000,Petrol
1157,Maruti Swift VDI,Maruti,2012,320000,80000,Diesel
1158,Maruti Alto 800 LXI,Maruti,2018,310000,5000,Petrol
1159,Maruti Wagon R AMT VXI,Maruti,2018,420000,24000,Petrol
1160,Tata Tiago NRG Petrol,Tata,2019,550000,10000,Petrol
1161,Maruti Ertiga SHVS VDI,Maruti,2016,550000,78000,Diesel
1162,Mahindra TUV 300 T4 Plus,Mahindra,2018,760000,50000,Diesel
1163,Maruti 800 AC BSII,Maruti,2001,43000,100000,Petrol
1164,Maruti Omni MPI STD BSIV,Maruti,2018,250000,20000,Petrol
1165,Hyundai Santro Magna BSIV,Hyundai,2019,500000,1250,Petrol
1166,Tata Zest Revotron 1.2 XT,Tata,2015,380000,17152,Petrol
1167,Mahindra XUV500 W11 Option AT AWD,Mahindra,2019,1850000,5000,Diesel
1168,Volkswagen Polo Diesel Trendline 1.2L,Volkswagen,2012,350000,77000,Diesel
1169,Hyundai Verna CRDi,Hyundai,2008,195000,90000,Diesel
1170,Chevrolet Beat LS,Chevrolet,2011,225000,80000,Petrol
1171,Toyota Innova 2.5 G (Diesel) 7 Seater,Toyota,2015,1125000,65000,Diesel
1172,Tata Indica Vista Quadrajet LX,Tata,2011,133000,80000,Diesel
1173,Hyundai EON Era Plus,Hyundai,2013,200000,24005,Petrol
1174,Maruti Vitara Brezza ZDi Plus,Maruti,2018,940000,20000,Diesel
1175,Renault Duster 85PS Diesel RxL,Renault,2014,400000,120000,Diesel
1176,Hyundai i10 Era 1.1,Hyundai,2009,120000,120000,Petrol
1177,Maruti Swift Dzire ZDI,Maruti,2015,625000,80000,Diesel
1178,Maruti Swift 1.3 VXi,Maruti,2005,110000,80000,Petrol
1179,Renault Duster 110PS Diesel RxZ,Renault,2012,490000,100000,Diesel
1180,Maruti Alto LX,Maruti,2009,140000,120000,Petrol
1181,Ford Figo Diesel ZXI,Ford,2011,175000,149000,Diesel
1182,Maruti Wagon R LXI BSIII,Maruti,2005,90000,65000,Petrol
1183,Maruti Swift Ldi BSIV,Maruti,2009,275000,100000,Diesel
1184,Volkswagen Vento Diesel Highline,Volkswagen,2011,300000,65000,Diesel
1185,Datsun GO Plus T Option BSIV,Datsun,2018,270000,19000,Petrol
1186,Chevrolet Beat LT,Chevrolet,2010,130000,80000,Petrol
1187,Maruti Alto K10 VXI Airbag,Maruti,2015,275000,30000,Petrol
1188,Maruti Swift VDI,Maruti,2012,352000,109000,Diesel
1189,Hyundai EON LPG Magna Plus,Hyundai,2012,180000,90000,LPG
1190,Maruti Alto LX,Maruti,2012,150000,90000,Petrol
1191,Maruti Swift Vdi BSIII,Maruti,2010,300000,110000,Diesel
1192,Mahindra Bolero DI DX 7 Seater,Mahindra,2007,225000,120000,Diesel
1193,Honda Mobilio V i DTEC,Honda,2014,600000,44000,Diesel
1194,Maruti Ertiga BSIV ZXI,Maruti,2015,500000,80000,Petrol
1195,Honda BR-V i-VTEC S MT,Honda,2018,900000,5000,Petrol
1196,Hyundai i20 Magna 1.2,Hyundai,2016,600000,61000,Petrol
1197,Toyota Etios VD,Toyota,2011,450000,100000,Diesel
1198,Hyundai i10 Era 1.1,Hyundai,2009,270000,27633,Petrol
1199,Maruti Swift Vdi BSIII,Maruti,2010,310000,100000,Diesel
1200,Hyundai Santro Xing GLS Audio LPG,Hyundai,2012,250000,100000,LPG
1201,Ford Figo 1.2P Titanium MT,Ford,2019,700000,12586,Petrol
1202,Fiat Avventura Urban Cross 1.3 Multijet Emotion,Fiat,2018,650000,38083,Diesel
1203,Ford Figo Diesel ZXI,Ford,2012,400000,55328,Diesel
1204,Ford Figo Diesel Titanium,Ford,2012,425000,81632,Diesel
1205,Ford Aspire Titanium Diesel BSIV,Ford,2016,600000,155201,Diesel
1206,Ford EcoSport 1.5 TDCi Titanium BSIV,Ford,2013,600000,93283,Diesel
1207,Maruti Swift Ldi BSIII,Maruti,2009,300000,217871,Diesel
1208,Ford Fiesta Classic 1.4 Duratorq CLXI,Ford,2012,450000,90165,Diesel
1209,Ford Ecosport 1.5 DV5 MT Titanium,Ford,2014,750000,101504,Diesel
1210,Ford Figo Titanium Diesel BSIV,Ford,2010,325000,86017,Diesel
1211,Mahindra XUV500 W8 2WD,Mahindra,2013,900000,85036,Diesel
1212,Ford Ikon 1.3L Rocam Flair,Ford,2006,180000,91086,Petrol
1213,Fiat Punto 1.3 Emotion,Fiat,2013,350000,160254,Diesel
1214,Ford EcoSport 1.5 TDCi Titanium BSIV,Ford,2013,600000,125531,Diesel
1215,Honda WR-V i-DTEC V,Honda,2019,900000,60000,Diesel
1216,Skoda Laura L n K 1.9 PD,Skoda,2006,350000,100000,Diesel
1217,Maruti Ritz LDi,Maruti,2013,280000,90000,Diesel
1218,Mahindra Xylo D2,Mahindra,2009,225000,120000,Diesel
1219,Honda City i DTEC S,Honda,2014,520000,82000,Diesel
1220,Mahindra Scorpio 1.99 S4,Mahindra,2016,509999,60000,Diesel
1221,Maruti Baleno Alpha 1.2,Maruti,2019,556000,24000,Petrol
1222,Tata Indigo Grand Dicor,Tata,2014,225000,120000,Diesel
1223,Honda Amaze EX i-Dtech,Honda,2013,325000,65000,Diesel
1224,Maruti Swift VDI,Maruti,2013,365000,65000,Diesel
1225,Hyundai Creta 1.6 CRDi SX Plus,Hyundai,2015,850000,84000,Diesel
1226,Toyota Etios GD SP,Toyota,2013,350000,75000,Diesel
1227,Maruti Swift VDI,Maruti,2007,225000,50000,Diesel
1228,Maruti Alto LX,Maruti,2011,135000,50000,Petrol
1229,Maruti Wagon R LXI Minor,Maruti,2007,140000,49000,Petrol
1230,Maruti SX4 S Cross DDiS 320 Delta,Maruti,2016,665000,560000,Diesel
1231,Renault KWID RXT,Renault,2015,275000,14365,Petrol
1232,Toyota Fortuner 2.8 4WD AT BSIV,Toyota,2017,2750000,41000,Diesel
1233,Hyundai Verna 1.6 SX,Hyundai,2013,484999,65000,Diesel
1234,Maruti Ciaz VDi Option SHVS,Maruti,2015,565000,65000,Diesel
1235,Maruti Swift Dzire VDI,Maruti,2013,425000,61083,Diesel
1236,Toyota Innova 2.5 VX (Diesel) 8 Seater,Toyota,2013,925000,75000,Diesel
1237,Mahindra Scorpio VLX 2WD AIRBAG SE BSIV,Mahindra,2012,565000,72000,Diesel
1238,Renault Duster 110PS Diesel RxL,Renault,2014,525000,65000,Diesel
1239,Hyundai Tucson 2.0 e-VGT 2WD MT,Hyundai,2017,1650000,55000,Diesel
1240,Hyundai EON Era Plus,Hyundai,2015,295000,21000,Petrol
1241,Jaguar XF 5.0 Litre V8 Petrol,Jaguar,2012,2050000,66363,Petrol
1242,Hyundai Creta 1.6 VTVT AT SX Plus,Hyundai,2018,1475000,11700,Petrol
1243,Hyundai Verna VTVT 1.6 AT SX Option,Hyundai,2017,1100000,10000,Petrol
1244,Mercedes-Benz GL-Class 350 CDI Blue Efficiency,Mercedes-Benz,2014,4400000,100000,Diesel
1245,Maruti Swift ZXI BSIV,Maruti,2016,670000,7104,Petrol
1246,Maruti S-Cross Zeta DDiS 200 SH,Maruti,2015,750000,45974,Diesel
1247,Hyundai Verna 1.6 VTVT SX,Hyundai,2015,760000,55340,Petrol
1248,Volkswagen Polo GTI,Volkswagen,2017,850000,20000,Petrol
1249,Renault Pulse RxL,Renault,2015,390000,61585,Diesel
1250,Maruti Celerio VXI AMT BSIV,Maruti,2016,450000,39415,Petrol
1251,Honda Brio V MT,Honda,2014,425000,29654,Petrol
1252,Maruti Baleno Alpha 1.3,Maruti,2016,770000,64672,Diesel
1253,Hyundai Creta 1.6 SX Automatic Diesel,Hyundai,2015,1150000,54634,Diesel
1254,Honda City i VTEC V,Honda,2015,775000,66521,Petrol
1255,Toyota Innova Crysta 2.4 GX AT,Toyota,2018,1725000,23974,Diesel
1256,BMW 3 Series 320d Luxury Line,BMW,2016,2150000,43000,Diesel
1257,Renault Duster 85PS Diesel RxL,Renault,2013,450000,1000,Diesel
1258,Mercedes-Benz C-Class Progressive C 220d,Mercedes-Benz,2018,3800000,10000,Diesel
1259,Audi A4 3.0 TDI Quattro,Audi,2013,1580000,86000,Diesel
1260,BMW X5 xDrive 30d xLine,BMW,2019,4950000,30000,Diesel
1261,Hyundai Creta 1.6 CRDi SX,Hyundai,2016,535000,52600,Diesel
1262,Maruti SX4 Vxi BSIV,Maruti,2012,225000,110000,Petrol
1263,Hyundai Grand i10 1.2 Kappa Magna AT,Hyundai,2017,550000,19890,Petrol
1264,Maruti Ertiga VXI,Maruti,2015,625000,11918,Petrol
1265,Hyundai Grand i10 Magna AT,Hyundai,2017,520000,10510,Petrol
1266,Chevrolet Beat LT Option,Chevrolet,2016,239000,41000,Petrol
1267,Toyota Fortuner 4x2 AT,Toyota,2017,2600000,47162,Diesel
1268,Hyundai i10 Magna,Hyundai,2012,229999,49824,Petrol
1269,Audi A6 2.0 TDI Premium Plus,Audi,2013,1300000,58500,Diesel
1270,Hyundai Santro GS,Hyundai,2005,80000,56580,Petrol
1271,Skoda Laura Ambiente 2.0 TDI CR MT,Skoda,2012,385000,52000,Diesel
1272,Maruti Swift Dzire VDI,Maruti,2017,600000,46507,Diesel
1273,Hyundai i20 Sportz 1.2,Hyundai,2013,350000,50000,Petrol
1274,Maruti Alto 800 LXI,Maruti,2014,114999,30000,Petrol
1275,Hyundai i20 Sportz 1.2,Hyundai,2013,380000,50000,Petrol
1276,Maruti Gypsy E MG410W ST,Maruti,1995,95000,100000,Petrol
1277,Mahindra Scorpio 1.99 S6 Plus,Mahindra,2016,900000,35000,Diesel
1278,Chevrolet Beat LT,Chevrolet,2012,200999,90000,Petrol
1279,Maruti Omni E MPI STD BS IV,Maruti,2014,229999,11451,Petrol
1280,Tata Nexon 1.5 Revotorq XZ,Tata,2019,800000,60000,Diesel
1281,Mahindra Verito 1.5 D4 BSIV,Mahindra,2012,150000,172000,Diesel
1282,Maruti Swift VDI,Maruti,2018,600000,60000,Diesel
1283,Chevrolet Tavera LS B3 7 Seats BSII,Chevrolet,2005,150000,150000,Diesel
1284,Chevrolet Optra Magnum 2.0 LS,Chevrolet,2009,150000,66000,Diesel
1285,Maruti Eeco 5 Seater Standard BSIV,Maruti,2019,380000,5000,Petrol
1286,Maruti Swift 1.3 VXi,Maruti,2006,80000,66508,Petrol
1287,Honda Civic 1.8 MT Sport,Honda,2007,225000,55000,Petrol
1288,Tata Nano Lx BSIV,Tata,2012,75000,29900,Petrol
1289,Tata Hexa XT 4X4,Tata,2017,1600000,3000,Diesel
1290,Tata Indica Vista Quadrajet VX,Tata,2012,185000,85000,Diesel
1291,Mahindra Scorpio 2.6 CRDe SLE,Mahindra,2011,425000,50000,Diesel
1292,Tata Indica Vista Aqua 1.4 TDI,Tata,2010,100000,120000,Diesel
1293,Maruti Zen Estilo LXI BSIII,Maruti,2008,140000,90000,Petrol
1294,Maruti Swift Dzire AMT ZXI Plus BS IV,Maruti,2017,710000,8000,Petrol
1295,Honda Amaze S AT i-Vtech,Honda,2015,450000,7900,Petrol
1296,Datsun RediGO T Option,Datsun,2017,210000,50000,Petrol
1297,Maruti Alto K10 VXI,Maruti,2016,270000,25000,Petrol
1298,Maruti Alto LXi,Maruti,2009,110000,20000,Petrol
1299,Maruti Swift VXI,Maruti,2018,540000,17500,Petrol
1300,Mahindra Renault Logan 1.4 GLX Petrol,Mahindra,2008,145000,25000,Petrol
1301,Tata Safari Storme VX,Tata,2013,360000,206500,Diesel
1302,Hyundai i10 Magna LPG,Hyundai,2013,250000,88600,LPG
1303,Tata Venture EX,Tata,2012,110000,80000,Diesel
1304,Chevrolet Captiva LT,Chevrolet,2008,250000,100000,Diesel
1305,Ford Fiesta Classic 1.4 Duratorq CLXI,Ford,2011,150000,186000,Diesel
1306,Chevrolet Aveo U-VA 1.2 LS,Chevrolet,2010,140000,60000,Petrol
1307,Maruti Ciaz Zeta BSIV,Maruti,2019,925000,11000,Petrol
1308,Tata Hexa XM,Tata,2017,969999,30000,Diesel
1309,Hyundai Santro Xing GL PLUS CNG,Hyundai,2007,90000,80000,CNG
1310,Hyundai Santro GLS I - Euro I,Hyundai,2001,55000,60000,Petrol
1311,Hyundai Verna CRDi,Hyundai,2007,155000,100000,Diesel
1312,Mahindra Thar CRDe ABS,Mahindra,2019,900000,15000,Diesel
1313,Maruti Alto K10 2010-2014 VXI,Maruti,2011,135000,90000,Petrol
1314,Maruti 800 AC,Maruti,2012,180000,120000,Petrol
1315,Hyundai Verna 1.6 SX,Hyundai,2013,495000,100000,Diesel
1316,Toyota Innova 2.5 V Diesel 8-seater,Toyota,2009,400000,138000,Diesel
1317,Hyundai Verna CRDi,Hyundai,2008,250000,110000,Diesel
1318,Maruti Alto K10 LXI,Maruti,2015,138000,120000,Petrol
1319,Honda City 1.5 V AT,Honda,2011,311000,70000,Petrol
1320,Maruti Alto 800 VXI,Maruti,2015,190000,70000,Petrol
1321,Mahindra Bolero SLX,Mahindra,2011,311000,140000,Diesel
1322,Maruti Ritz LXI,Maruti,2009,300000,15000,Petrol
1323,Honda Jazz VX,Honda,2018,600000,20000,Petrol
1324,Mahindra Scorpio SLE BSIII,Mahindra,2009,550000,100000,Diesel
1325,Skoda Rapid 1.6 MPI AT Elegance Plus,Skoda,2015,600000,70000,Petrol
1326,Maruti Alto 800 VXI,Maruti,2018,195000,5000,Petrol
1327,Tata Nano LX,Tata,2013,58000,27974,Petrol
1328,Maruti Alto 800 VXI,Maruti,2018,183000,40000,Petrol
1329,Maruti Zen Estilo 1.1 VXI BSIII,Maruti,2007,95000,80000,Petrol
1330,Maruti Wagon R LX Minor,Maruti,2013,250000,38000,Petrol
1331,Tata Zest Revotron 1.2 XT,Tata,2014,400000,35000,Petrol
1332,Hyundai Verna 1.6 SX CRDi (O),Hyundai,2012,409999,60000,Diesel
1333,Skoda Octavia Classic 1.9 TDI MT,Skoda,2004,120000,120000,Diesel
1334,Maruti Swift AMT VXI,Maruti,2018,600000,18000,Petrol
1335,Honda Amaze SX i-VTEC,Honda,2016,600000,10000,Petrol
1336,Mahindra XUV500 W6 2WD,Mahindra,2015,825000,90000,Diesel
1337,Toyota Etios GD,Toyota,2016,625000,80000,Diesel
1338,Hyundai Grand i10 Nios Magna CRDi,Hyundai,2020,700000,1400,Diesel
1339,Chevrolet Beat LS,Chevrolet,2011,160000,60000,Petrol
1340,Maruti Alto LX,Maruti,2011,114999,60000,Petrol
1341,Maruti Wagon R LXI Minor,Maruti,2009,150000,53000,Petrol
1342,Volkswagen Jetta 1.9 L TDI,Volkswagen,2010,250000,100000,Diesel
1343,Hyundai Verna 1.6 SX,Hyundai,2012,390000,86000,Diesel
1344,Renault Duster 85PS Diesel RxL,Renault,2015,650000,100000,Diesel
1345,Hyundai Xcent 1.1 CRDi SX Option,Hyundai,2016,600000,30000,Diesel
1346,Hyundai i20 1.2 Sportz,Hyundai,2011,250000,120000,Petrol
1347,Hyundai Santro Xing GL Plus LPG,Hyundai,2011,229999,60000,LPG
1348,Maruti Ritz LDi,Maruti,2016,299000,50000,Diesel
1349,Chevrolet Cruze LTZ,Chevrolet,2010,330000,124000,Diesel
1350,Hyundai Accent Executive,Hyundai,2012,180000,100000,Petrol
1351,Hyundai Grand i10 1.2 Kappa Asta,Hyundai,2017,475000,42000,Petrol
1352,Hyundai Grand i10 CRDi Sportz,Hyundai,2015,325000,100000,Diesel
1353,Honda City i VTEC V,Honda,2016,639000,28205,Petrol
1354,Maruti Celerio VXI AT,Maruti,2017,415000,32670,Petrol
1355,Hyundai Creta 1.6 CRDi AT SX Plus,Hyundai,2016,1199000,30093,Diesel
1356,Maruti Ertiga VXI CNG,Maruti,2013,525000,56228,CNG
1357,Hyundai Verna 1.6 SX VTVT,Hyundai,2013,425000,59319,Petrol
1358,Maruti Vitara Brezza VDi,Maruti,2016,699000,39503,Diesel
1359,Hyundai Grand i10 1.2 Kappa Sportz Dual Tone,Hyundai,2013,325000,35299,Petrol
1360,Toyota Etios V,Toyota,2011,275000,51687,Petrol
1361,Volkswagen Vento Petrol Highline AT,Volkswagen,2011,269000,76259,Petrol
1362,Volkswagen Polo Diesel Highline 1.2L,Volkswagen,2013,399000,44049,Diesel
1363,Mahindra KUV 100 mFALCON D75 K8,Mahindra,2017,475000,45087,Diesel
1364,Toyota Etios V,Toyota,2011,249000,41125,Petrol
1365,Audi A4 New  2.0 TDI Multitronic,Audi,2014,1549000,42215,Diesel
1366,Volkswagen Polo Petrol Highline 1.2L,Volkswagen,2011,254999,54206,Petrol
1367,Skoda Rapid 1.6 MPI Active,Skoda,2012,269000,52547,Petrol
1368,Maruti Ertiga ZDI,Maruti,2014,665000,59110,Diesel
1369,Maruti Wagon R Stingray LXI,Maruti,2014,299000,54565,Petrol
1370,Hyundai i20 Asta,Hyundai,2010,265000,47564,Petrol
1371,Volkswagen Polo Petrol Highline 1.2L,Volkswagen,2010,211000,45143,Petrol
1372,Skoda Superb 1.8 TSI,Skoda,2013,599000,61624,Petrol
1373,Tata Indigo LS,Tata,2007,55000,195000,Diesel
1374,Hyundai Verna 1.6 SX CRDi (O),Hyundai,2014,550000,50000,Diesel
1375,Land Rover Discovery Sport TD4 HSE 7S,Land,2018,4000000,68000,Diesel
1376,Tata Sumo GX TC 8 Str,Tata,2010,220000,120000,Diesel
1377,Maruti Swift VXI,Maruti,2019,500000,20000,Petrol
1378,Maruti Alto LXi,Maruti,2010,140000,30000,Petrol
1379,Maruti Swift VDI,Maruti,2013,325000,60000,Diesel
1380,Hyundai i20 Magna,Hyundai,2010,210000,90000,Petrol
1381,Maruti Alto LXi,Maruti,2008,110000,90000,Petrol
1382,Hyundai Verna CRDi 1.6 SX Option,Hyundai,2019,1200000,25000,Diesel
1383,Maruti Alto 800 VXI,Maruti,2017,229999,40000,Petrol
1384,Maruti Alto 800 LXI,Maruti,2006,165000,132000,Petrol
1385,Tata Tiago XZA AMT,Tata,2018,525000,10980,Petrol
1386,Hyundai EON Era Plus,Hyundai,2018,325000,20629,Petrol
1387,Toyota Innova Crysta 2.4 VX MT BSIV,Toyota,2018,1500000,50000,Diesel
1388,Hyundai Grand i10 AT Asta,Hyundai,2015,400000,30000,Petrol
1389,Maruti Ciaz VXi,Maruti,2015,550000,69782,Petrol
1390,Maruti 800 Std,Maruti,2003,98000,54000,Petrol
1391,Mahindra XUV500 W8 4WD,Mahindra,2013,900000,63654,Diesel
1392,Renault Lodgy 85PS RxL,Renault,2017,700000,60000,Diesel
1393,Mahindra Scorpio S6 Plus 7 Seater,Mahindra,2015,890000,52000,Diesel
1394,Maruti Swift LDI BSIV,Maruti,2015,490000,59385,Diesel
1395,Hyundai i20 2015-2017 Magna 1.2,Hyundai,2015,525000,70378,Petrol
1396,Maruti Wagon R LXI BS IV,Maruti,2013,330000,55425,Petrol
1397,Mahindra Bolero 2011-2019 SLX 2WD BSIII,Mahindra,2013,550000,78413,Diesel
1398,Mahindra Bolero Power Plus SLX,Mahindra,2018,790000,40890,Diesel
1399,Honda Brio S MT,Honda,2015,350000,34823,Petrol
1400,Toyota Innova Crysta 2.8 ZX AT BSIV,Toyota,2017,1700000,75000,Diesel
1401,Maruti Ciaz VDI SHVS,Maruti,2017,750000,55545,Diesel
1402,Honda Amaze EX i-Dtech,Honda,2014,409999,56541,Diesel
1403,Hyundai EON Magna Plus,Hyundai,2016,220000,43700,Petrol
1404,Tata Indica GLS BS IV,Tata,2009,68000,120000,Petrol
1405,Hyundai EON Era Plus,Hyundai,2017,290000,20000,Petrol
1406,Honda City i DTec SV,Honda,2014,600000,27483,Diesel
1407,Maruti Swift LXI,Maruti,2019,470000,8000,Petrol
1408,Hyundai i10 Sportz 1.2,Hyundai,2008,150000,30000,Petrol
1409,Maruti Alto 800 LXI,Maruti,2014,180000,56207,Petrol
1410,Maruti Zen LXI,Maruti,2006,80000,70000,Petrol
1411,Honda WR-V i-VTEC VX,Honda,2018,875000,1440,Petrol
1412,Maruti Alto 800 LXI,Maruti,2019,300000,50000,Petrol
1413,Toyota Fortuner 2.8 2WD AT BSIV,Toyota,2017,2800000,20000,Diesel
1414,Toyota Innova Crysta 2.4 ZX MT,Toyota,2017,1330000,91195,Diesel
1415,Volkswagen Polo 1.5 TDI Trendline,Volkswagen,2011,220000,63657,Diesel
1416,Mahindra Verito Vibe 1.5 dCi D4,Mahindra,2013,250000,60000,Diesel
1417,Toyota Innova 2.5 G (Diesel) 7 Seater,Toyota,2016,919999,75000,Diesel
1418,Volkswagen Vento Magnific 1.6 Highline,Volkswagen,2013,380000,97248,Petrol
1419,Maruti Swift VDI,Maruti,2012,450000,46000,Diesel
1420,Hyundai Verna 1.6 VTVT AT S Option,Hyundai,2016,770000,10000,Petrol
1421,Maruti Swift Dzire LDI,Maruti,2018,550000,80000,Diesel
1422,Tata New Safari DICOR 2.2 GX 4x2,Tata,2011,320000,100000,Diesel
1423,Maruti SX4 Vxi BSIV,Maruti,2013,400000,35000,Petrol
1424,Maruti Celerio VXI AT,Maruti,2017,450000,50000,Petrol
1425,Maruti SX4 ZDI,Maruti,2011,220000,90000,Diesel
1426,Mahindra XUV500 W8 2WD,Mahindra,2012,400000,150000,Diesel
1427,Hyundai Verna 1.6 SX VTVT (O),Hyundai,2013,530000,89000,Petrol
1428,Maruti Swift Dzire VDI,Maruti,2014,390000,60000,Diesel
1429,Fiat Grande Punto 1.3 Dynamic (Diesel),Fiat,2012,185000,100000,Diesel
1430,Maruti SX4 Vxi BSIV,Maruti,2012,300000,100000,Petrol
1431,Maruti Swift VDI BSIV,Maruti,2014,575000,90000,Diesel
1432,Maruti Wagon R Stingray VXI,Maruti,2014,300000,75000,Petrol
1433,Toyota Etios Liva 1.4 VD,Toyota,2017,425000,36000,Diesel
1434,Hyundai Xcent 1.2 Kappa SX,Hyundai,2016,350000,12000,Petrol
1435,Honda Amaze VX O iDTEC,Honda,2017,550000,12997,Diesel
1436,Maruti Ciaz 1.4 AT Zeta,Maruti,2017,500000,40000,Petrol
1437,Mahindra Scorpio S4 4WD,Mahindra,2015,600000,60000,Diesel
1438,Mahindra Quanto C8,Mahindra,2013,300000,25000,Diesel
1439,Hyundai Verna CRDi 1.6 SX Option,Hyundai,2018,1150000,26430,Diesel
1440,Maruti Swift 1.3 VXI ABS,Maruti,2015,475000,24600,Petrol
1441,Maruti Wagon R LXI,Maruti,2011,260000,28481,Petrol
1442,Ford Ecosport 1.0 Ecoboost Titanium Optional,Ford,2013,350000,100000,Petrol
1443,Mahindra XUV500 W8 2WD,Mahindra,2013,750000,41988,Diesel
1444,Maruti Wagon R LXI,Maruti,2009,180000,30375,Petrol
1445,Renault KWID Climber 1.0 AMT BSIV,Renault,2017,350000,7658,Petrol
1446,Maruti Swift Dzire VDI,Maruti,2017,611000,34400,Diesel
1447,Renault KWID RXL BSIV,Renault,2017,325000,18500,Petrol
1448,Hyundai EON 1.0 Era Plus,Hyundai,2012,225000,48000,Petrol
1449,Maruti Wagon R AMT VXI,Maruti,2014,300000,28942,Petrol
1450,Mahindra Bolero Power Plus SLX,Mahindra,2017,400000,50000,Diesel
1451,Mahindra XUV500 W8 2WD,Mahindra,2012,711000,53600,Diesel
1452,Toyota Innova 2.5 G (Diesel) 8 Seater,Toyota,2015,851000,53652,Diesel
1453,Maruti Ertiga VXI,Maruti,2014,500000,25000,Petrol
1454,Toyota Innova 2.5 G4 Diesel 8-seater,Toyota,2007,250000,80000,Diesel
1455,Maruti Alto 800 VXI,Maruti,2017,150000,50000,Petrol
1456,Mahindra Scorpio 1.99 S10,Mahindra,2016,610000,15000,Diesel
1457,Mahindra KUV 100 G80 K2,Mahindra,2018,450000,5000,Petrol
1458,Hyundai i20 1.4 Asta Option,Hyundai,2017,744000,106000,Diesel
1459,Chevrolet Spark 1.0,Chevrolet,2008,120000,100000,Petrol
1460,Renault KWID RXL,Renault,2016,220000,60000,Petrol
1461,Maruti Ertiga ZDI,Maruti,2012,480000,120000,Diesel
1462,Maruti Celerio ZXI Optional AMT BSIV,Maruti,2017,370000,82000,Petrol
1463,Fiat Palio D 1.9 EL PS,Fiat,2003,55000,35000,Diesel
1464,Hyundai EON Magna Plus,Hyundai,2013,125000,205000,Petrol
1465,Hyundai Verna 1.6 CRDI,Hyundai,2011,260000,125000,Diesel
1466,Fiat Linea Classic 1.3 Multijet,Fiat,2015,350000,130000,Diesel
1467,Maruti Alto 800 CNG LXI,Maruti,2012,170000,97000,CNG
1468,Hyundai Grand i10 Sportz,Hyundai,2015,350000,90000,Petrol
1469,Maruti Swift Dzire VXi,Maruti,2009,250000,60000,Petrol
1470,Tata Indigo CR4,Tata,2013,170000,60000,Diesel
1471,Mahindra Scorpio S11 BSIV,Mahindra,2018,1300000,35000,Diesel
1472,Hyundai Grand i10 1.2 Kappa Sportz BSIV,Hyundai,2019,550000,25000,Petrol
1473,Honda Brio 1.2 S MT,Honda,2017,400000,15000,Petrol
1474,Tata Nano Lx,Tata,2011,120000,20000,Petrol
1475,Ford Figo Petrol Titanium,Ford,2010,275000,70000,Petrol
1476,Tata Zest Revotron 1.2T XE,Tata,2016,285000,90000,Petrol
1477,Hyundai Creta 1.4 CRDi Base,Hyundai,2016,900000,80000,Diesel
1478,Mercedes-Benz M-Class ML 350 CDI,Mercedes-Benz,2014,2500000,79500,Diesel
1479,Hyundai Verna 1.6 SX CRDi (O),Hyundai,2013,620000,70000,Diesel
1480,Toyota Innova Crysta 2.4 GX MT 8S BSIV,Toyota,2018,1700000,5000,Diesel
1481,Ford Figo Aspire 1.2 Ti-VCT Titanium Plus,Ford,2018,650000,15000,Petrol
1482,Maruti Ertiga VXI,Maruti,2014,500000,35000,Petrol
1483,Tata New Safari DICOR 2.2 EX 4x4,Tata,2009,250000,120000,Diesel
1484,Mahindra Marazzo M4,Mahindra,2018,950000,15000,Diesel
1485,Toyota Etios Cross 1.2L G,Toyota,2015,320000,60000,Petrol
1486,Renault Duster 110PS Diesel RxZ,Renault,2013,450000,120000,Diesel
1487,Mahindra KUV 100 mFALCON D75 K8 AW,Mahindra,2016,350000,90000,Diesel
1488,Maruti Swift Dzire VXI,Maruti,2015,400000,90000,Petrol
1489,Hyundai i20 Asta 1.4 CRDi (Diesel),Hyundai,2009,250000,72000,Diesel
1490,Toyota Innova 2.0 GX 8 STR BSIV,Toyota,2011,550000,197000,Petrol
1491,Maruti Zen LXI,Maruti,1999,85000,70000,Petrol
1492,Hyundai Santro LP zipPlus,Hyundai,2001,52000,50000,Petrol
1493,Tata Hexa XTA,Tata,2017,1200000,50000,Diesel
1494,Hyundai Verna 1.6 SX VTVT AT,Hyundai,2011,450000,60000,Petrol
1495,Maruti Swift Dzire VXI 1.2 BS IV,Maruti,2018,615000,40000,Petrol
1496,Maruti SX4 ZDI Leather,Maruti,2012,400000,60000,Diesel
1497,Tata Nano LX,Tata,2013,60000,40000,Petrol
1498,Maruti Ignis 1.2 Alpha BSIV,Maruti,2017,500000,9161,Petrol
1499,Honda Mobilio V i VTEC,Honda,2015,600000,45000,Petrol
1500,Hyundai Getz 1.3 GVS,Hyundai,2010,110000,110000,Petrol
1501,Hyundai Santro Xing GL Plus,Hyundai,2013,175000,80000,Petrol
1502,Ford Fiesta Titanium 1.5 TDCi,Ford,2011,325000,100000,Diesel
1503,Maruti Swift Dzire LDI,Maruti,2017,425000,90000,Diesel
1504,Hyundai Accent GLE CNG,Hyundai,2009,160000,70000,CNG
1505,Maruti Zen Estilo LXI BSIII,Maruti,2007,100000,80000,Petrol
1506,Maruti Swift Dzire LDI,Maruti,2014,390000,110000,Diesel
1507,Hyundai i20 1.2 Spotz,Hyundai,2017,400000,50000,Petrol
1508,Tata Tigor 1.2 Revotron XM,Tata,2018,509999,5000,Petrol
1509,Hyundai i10 Magna 1.1,Hyundai,2008,150000,90000,Petrol
1510,Hyundai Santro Xing GLS,Hyundai,2009,110000,120000,Petrol
1511,Nissan Sunny Diesel XV,Nissan,2013,450000,80000,Diesel
1512,Hyundai i20 1.2 Spotz,Hyundai,2017,400000,38000,Petrol
1513,Hyundai Santro Xing GLS,Hyundai,2009,140000,120000,Petrol
1514,Tata Indigo CR4,Tata,2011,130000,90000,Diesel
1515,Maruti Alto 800 LXI,Maruti,2017,160000,50000,Petrol
1516,Maruti Alto 800 LXI,Maruti,2016,150000,60000,Petrol
1517,Mahindra XUV500 W8 2WD,Mahindra,2013,500000,100000,Diesel
1518,Tata Nano Std,Tata,2011,40000,19000,Petrol
1519,Chevrolet Tavera LT L1 7 Seats BSIII,Chevrolet,2006,140000,200000,Diesel
1520,Mahindra Verito 1.5 D2 BSIV,Mahindra,2015,227000,70000,Diesel
1521,Maruti Swift VDI,Maruti,2011,285000,50000,Diesel
1522,Maruti Alto LX,Maruti,2012,155000,19077,Petrol
1523,Hyundai EON D Lite,Hyundai,2016,210000,30000,Petrol
1524,Maruti Alto LXi,Maruti,2009,140000,80000,Petrol
1525,Toyota Innova 2.5 GX (Diesel) 7 Seater,Toyota,2015,940000,128000,Diesel
1526,Nissan Terrano XV Premium 110 PS,Nissan,2013,750000,80000,Diesel
1527,Maruti Baleno Alpha 1.3,Maruti,2016,610000,100000,Diesel
1528,Nissan Sunny XV D Premium Leather,Nissan,2015,450000,50000,Diesel
1529,Toyota Etios Liva GD,Toyota,2012,409999,56000,Diesel
1530,Hyundai EON 1.0 Era Plus,Hyundai,2018,100000,21302,Petrol
1531,Renault KWID 1.0 RXT Optional,Renault,2018,300000,10500,Petrol
1532,Mahindra Bolero 2011-2019 SLX,Mahindra,2013,400000,107000,Diesel
1533,Hyundai i10 Sportz 1.2,Hyundai,2010,210000,60000,Petrol
1534,Hyundai Santro Xing XG eRLX Euro III,Hyundai,2006,90000,120000,Petrol
1535,Maruti Wagon R LXI BS IV,Maruti,2010,222000,70000,Petrol
1536,Maruti Alto 800 LXI,Maruti,2015,240000,50000,Petrol
1537,Toyota Etios Liva GD,Toyota,2013,450000,70000,Diesel
1538,Volkswagen Jetta 2.0L TDI Highline AT,Volkswagen,2012,735000,55300,Diesel
1539,Tata Indica Vista Quadrajet 90 VX,Tata,2012,285000,74300,Diesel
1540,Honda City VX MT,Honda,2010,350000,48781,Petrol
1541,Volkswagen Jetta 1.9 Highline TDI,Volkswagen,2010,290000,87620,Diesel
1542,Volkswagen Vento 1.5 TDI Highline Plus AT,Volkswagen,2017,890000,40219,Diesel
1543,Honda Jazz VX,Honda,2011,385000,11473,Petrol
1544,Maruti Eeco 5 Seater AC BSIV,Maruti,2017,425000,8352,Petrol
1545,Maruti Wagon R VXI AMT1.2BSIV,Maruti,2017,525000,9745,Petrol
1546,Hyundai Grand i10 Asta,Hyundai,2017,550000,9748,Petrol
1547,Volkswagen Polo 1.0 MPI Trendline,Volkswagen,2012,271000,49000,Petrol
1548,Hyundai Creta 1.6 CRDi SX Option,Hyundai,2018,1490000,20694,Diesel
1549,Hyundai Grand i10 Asta Option,Hyundai,2015,490000,31080,Petrol
1550,Hyundai EON Era Plus,Hyundai,2014,260000,37605,Petrol
1551,Hyundai Xcent 1.1 CRDi SX Option,Hyundai,2014,455000,55850,Diesel
1552,Tata Nano Lx BSIV,Tata,2010,75000,58850,Petrol
1553,Toyota Etios Cross 1.2L G,Toyota,2015,421000,23839,Petrol
1554,Maruti Swift DDiS LDI,Maruti,2016,550000,54000,Diesel
1555,Hyundai i10 Sportz 1.2 AT,Hyundai,2013,330000,38000,Petrol
1556,Volkswagen Vento 1.5 TDI Comfortline,Volkswagen,2012,390000,45454,Diesel
1557,Skoda Rapid 1.5 TDI AT Ambition,Skoda,2015,599000,46957,Diesel
1558,Hyundai Getz GLE,Hyundai,2007,110000,60000,Petrol
1559,Renault KWID RXT Optional,Renault,2016,250000,25000,Petrol
1560,Mahindra Scorpio M2DI,Mahindra,2012,600000,110000,Diesel
1561,Ford Endeavour XLT TDCi 4X2,Ford,2008,280000,190000,Diesel
1562,Audi Q3 35 TDI Quattro Technology,Audi,2018,2700000,25000,Diesel
1563,Mahindra Renault Logan 1.4 GLX Petrol,Mahindra,2008,80000,90000,Petrol
1564,Maruti Alto K10 VXI,Maruti,2019,350000,5000,Petrol
1565,Maruti Swift VDI BSIV,Maruti,2015,475000,60000,Diesel
1566,Audi A5 Sportback,Audi,2020,4700000,1500,Diesel
1567,Maruti Swift Dzire VDI,Maruti,2018,500000,50000,Diesel
1568,Chevrolet Sail Hatchback 1.3 TCDi LT ABS,Chevrolet,2014,250000,120000,Diesel
1569,Hyundai Accent CRDi,Hyundai,2005,100000,120000,Diesel
1570,Maruti Alto K10 VXI Airbag,Maruti,2019,350000,5000,Petrol
1571,BMW 7 Series Signature 730Ld,BMW,2014,4000000,47000,Diesel
1572,Toyota Camry 2.5 Hybrid,Toyota,2017,1900000,20000,Petrol
1573,Hyundai Santro Xing XG,Hyundai,2005,95000,120000,Petrol
1574,Hyundai Grand i10 CRDi Sportz,Hyundai,2015,409999,58000,Diesel
1575,Mahindra XUV500 W5 BSIV,Mahindra,2018,1050000,35000,Diesel
1576,Maruti Alto K10 VXI,Maruti,2017,320000,30000,Petrol
1577,Mahindra XUV300 W8 Option Diesel BSIV,Mahindra,2019,1000000,10000,Diesel
1578,Toyota Innova Crysta 2.4 VX MT BSIV,Toyota,2017,1770000,25000,Diesel
1579,Mahindra Thar CRDe,Mahindra,2018,950000,20000,Diesel
1580,Maruti Swift Dzire ZDI,Maruti,2018,750000,50000,Diesel
1581,Hyundai EON Magna Plus,Hyundai,2014,220000,42000,Petrol
1582,Tata Hexa XM,Tata,2017,1000000,50000,Diesel
1583,Honda Mobilio E i DTEC,Honda,2017,660000,116000,Diesel
1584,Maruti Ertiga ZDI,Maruti,2015,716000,100000,Diesel
1585,Maruti Ciaz ZXi Plus,Maruti,2015,675000,66000,Petrol
1586,Mahindra Scorpio LX,Mahindra,2010,385000,110000,Diesel
1587,Fiat Grande Punto EVO 1.3 Dynamic,Fiat,2014,325000,70000,Diesel
1588,Hyundai Creta 1.6 CRDi SX Option,Hyundai,2015,950000,60000,Diesel
1589,Ford Endeavour Hurricane Limited Edition,Ford,2007,400000,110000,Diesel
1590,Tata Indica Vista TDI LS,Tata,2014,250000,25000,Diesel
1591,Land Rover Discovery S 2.0 SD4,Land,2018,4000000,68000,Petrol
1592,Maruti Alto 800 LXI,Maruti,2014,210000,20000,Petrol
1593,Hyundai i10 Era 1.1 iTech SE,Hyundai,2011,147000,110000,Petrol
1594,Maruti Vitara Brezza VDi Option,Maruti,2018,725000,26350,Diesel
1595,Mahindra Scorpio SLE BSIV,Mahindra,2012,550000,90000,Diesel
1596,Hyundai i20 Sportz Option 1.2,Hyundai,2016,475000,25000,Petrol
1597,Hyundai Santro Xing GLS,Hyundai,2014,250000,50000,Petrol
1598,Tata Indica LSI,Tata,2006,70000,60000,Petrol
1599,Hyundai EON Era Plus,Hyundai,2012,160000,70000,Petrol
1600,Ford Endeavour 3.0L 4X4 AT,Ford,2011,1000000,90000,Diesel
1601,Hyundai Santro LE zipPlus,Hyundai,2001,68000,70000,Petrol
1602,Hyundai Grand i10 1.2 Kappa Asta,Hyundai,2017,500000,26500,Petrol
1603,Hyundai Creta 1.4 EX Diesel,Hyundai,2020,1050000,10000,Diesel
1604,Hyundai Verna CRDi 1.6 SX,Hyundai,2017,900000,50000,Diesel
1605,Maruti Alto LX,Maruti,2007,100000,52000,Petrol
1606,Hyundai i20 Asta 1.4 CRDi,Hyundai,2013,300000,90000,Diesel
1607,Tata Indigo LX,Tata,2011,140000,60000,Diesel
1608,Ford Figo Aspire 1.2 Ti-VCT Trend,Ford,2018,550000,35000,Petrol
1609,Mahindra XUV500 W8 4WD,Mahindra,2012,650000,71042,Diesel
1610,Mitsubishi Pajero Sport 4X4,Mitsubishi,2012,1025000,167870,Diesel
1611,Ford Fiesta 1.5 TDCi Titanium,Ford,2011,195000,133564,Diesel
1612,BMW 3 Series 320d Sport,BMW,2013,1490000,40000,Diesel
1613,Honda City i-VTEC CVT ZX,Honda,2018,1140000,23038,Petrol
1614,Chevrolet Beat Diesel LS,Chevrolet,2011,95000,70000,Diesel
1615,BMW 3 Series GT Luxury Line,BMW,2017,3050000,30000,Diesel
1616,Maruti Baleno Delta 1.2,Maruti,2017,585000,43608,Petrol
1617,Maruti Baleno Alpha CVT,Maruti,2018,825000,11212,Petrol
1618,Hyundai i20 1.4 Magna Executive,Hyundai,2013,280000,52000,Diesel
1619,Maruti Baleno Zeta,Maruti,2016,725000,49217,Petrol
1620,Mahindra Verito 1.5 D4 BSIV,Mahindra,2015,300000,90000,Diesel
1621,Hyundai Xcent 1.2 Kappa S,Hyundai,2015,375000,70000,Petrol
1622,Honda City VTEC,Honda,2003,310000,90000,Petrol
1623,Maruti Swift Dzire VDi,Maruti,2011,375000,190000,Diesel
1624,Ford Endeavour 3.2 Titanium AT 4X4,Ford,2016,1950000,106000,Diesel
1625,Tata Xenon XT EX 4X2,Tata,2012,400000,80000,Diesel
1626,Nissan Terrano XL Plus 85 PS,Nissan,2014,550000,80000,Diesel
1627,Maruti Eeco 7 Seater Standard BSIV,Maruti,2018,270000,20000,Petrol
1628,Maruti Ertiga ZDI,Maruti,2012,555000,110000,Diesel
1629,Ford Ecosport 1.5 DV5 MT Ambiente,Ford,2013,500000,60000,Diesel
1630,Skoda Laura Elegance 1.9 TDI  AT,Skoda,2010,400000,130000,Diesel
1631,Hyundai EON 1.0 Era Plus,Hyundai,2017,280000,28838,Petrol
1632,Tata Indica GLS BS IV,Tata,2008,80000,200000,Petrol
1633,Tata Indica DLS,Tata,2006,55000,100000,Diesel
1634,Maruti Alto 800 LXI Airbag,Maruti,2014,250000,50000,Petrol
1635,Mahindra Bolero SLX 2WD,Mahindra,2010,250000,190000,Diesel
1636,Mahindra Jeep MM 540,Mahindra,2007,95000,100000,Diesel
1637,Mahindra Scorpio 1.99 S10,Mahindra,2014,725000,135000,Diesel
1638,Mahindra Bolero Power Plus Plus AC BSIV PS,Mahindra,2015,320000,50000,Diesel
1639,Skoda Octavia Elegance 2.0 TDI AT,Skoda,2014,1200000,135000,Diesel
1640,Chevrolet Beat Diesel LS,Chevrolet,2012,160000,50000,Diesel
1641,Honda Jazz 1.5 VX i DTEC,Honda,2018,790000,19571,Diesel
1642,Honda City i-VTEC ZX,Honda,2018,1200000,29600,Petrol
1643,Maruti Swift LXI,Maruti,2011,175000,70000,Petrol
1644,Maruti Vitara Brezza ZDi Plus AMT Dual Tone,Maruti,2018,950000,15000,Diesel
1645,Maruti Celerio LXI MT BSIV,Maruti,2019,340000,50000,Petrol
1646,Renault Captur 1.5 Diesel RXT,Renault,2017,825000,13500,Diesel
1647,Audi A4 30 TFSI Technology,Audi,2018,3100000,22000,Petrol
1648,Honda Amaze VX Diesel BSIV,Honda,2018,780000,25000,Diesel
1649,Toyota Corolla Altis 1.8 VL AT,Toyota,2010,350000,80000,Petrol
1650,Honda Amaze VX Petrol BSIV,Honda,2018,690000,39000,Petrol
1651,Maruti Alto 800 VXI,Maruti,2016,245000,60000,Petrol
1652,Honda Amaze VX Diesel BSIV,Honda,2018,790000,49000,Diesel
1653,Honda Amaze VX i-VTEC,Honda,2018,680000,48600,Petrol
1654,Hyundai Grand i10 Asta Option,Hyundai,2017,540000,20000,Petrol
1655,Mahindra KUV 100 mFALCON G80 K2,Mahindra,2016,425000,25000,Petrol
1656,Maruti Zen Estilo Sports,Maruti,2008,140000,120000,Petrol
1657,Maruti Ertiga ZDI Plus,Maruti,2019,1100000,30000,Diesel
1658,Renault Lodgy 85PS RxL,Renault,2015,715000,35000,Diesel
1659,Audi Q3 2.0 TDI Quattro Premium Plus,Audi,2015,1750000,127643,Diesel
1660,Tata Zest Revotron 1.2T XMS,Tata,2018,400000,54000,Petrol
1661,Audi A6 2.0 TDI  Design Edition,Audi,2014,1750000,102354,Diesel
1662,Audi Q5 2.0 TFSI Quattro Premium Plus,Audi,2014,1850000,62237,Petrol
1663,Hyundai Santro Xing XL eRLX Euro III,Hyundai,2005,114999,90000,Petrol
1664,Ford EcoSport 1.5 TDCi Titanium BSIV,Ford,2018,950000,21394,Diesel
1665,Datsun GO T Petrol,Datsun,2015,310000,32686,Petrol
1666,Mahindra Jeep CJ 500 DI,Mahindra,2006,575000,1001,Diesel
1667,Renault Pulse RxZ,Renault,2017,490000,22000,Diesel
1668,Hyundai Grand i10 Magna,Hyundai,2017,480000,53261,Petrol
1669,Land Rover Discovery Sport SD4 HSE Luxury,Land,2016,3500000,53000,Diesel
1670,Renault KWID 1.0 RXT Optional,Renault,2018,370000,10000,Petrol
1671,Maruti Baleno Alpha 1.3,Maruti,2017,835000,14000,Diesel
1672,Volkswagen Polo 2015-2019 1.2 MPI Highline,Volkswagen,2017,650000,44000,Petrol
1673,Toyota Etios VD,Toyota,2014,670000,39895,Diesel
1674,Chevrolet Cruze LTZ AT,Chevrolet,2017,950000,73000,Diesel
1675,Honda City i-VTEC SV,Honda,2014,690000,17000,Petrol
1676,Volkswagen Polo 2015-2019 1.2 MPI Highline,Volkswagen,2017,670000,18591,Petrol
1677,Tata Nexon 1.5 Revotorq XZ,Tata,2017,925000,26766,Diesel
1678,Hyundai EON Magna Plus,Hyundai,2015,250000,30000,Petrol
1679,Tata Sumo Gold EX,Tata,2016,509999,42000,Diesel
1680,Honda City i DTEC VX,Honda,2014,520000,110000,Diesel
1681,Tata Indica DLE,Tata,2005,100000,100000,Diesel
1682,Tata Indica DLS,Tata,2006,85000,300000,Diesel
1683,Tata Indigo LX,Tata,2009,130000,110000,Diesel
1684,Ford EcoSport 1.5 TDCi Titanium BSIV,Ford,2018,950000,27620,Diesel
1685,Ford Figo Aspire 1.2 Ti-VCT Titanium Plus,Ford,2015,450000,70000,Petrol
1686,Honda City S,Honda,2012,320000,50000,Petrol
1687,Maruti Swift Dzire VDI,Maruti,2015,480000,50000,Diesel
1688,Mercedes-Benz New C-Class C 220 CDI Grand Edition,Mercedes-Benz,2014,2490000,46000,Diesel
1689,Toyota Innova 2.5 VX 8 STR,Toyota,2012,790000,82000,Diesel
1690,Maruti Omni MPI STD BSIV,Maruti,2016,120000,120000,Petrol
1691,Maruti Alto LXi,Maruti,2006,75000,80000,Petrol
1692,Tata Indica GLS BS IV,Tata,2010,99000,70000,Petrol
1693,Maruti S-Cross Zeta DDiS 200 SH,Maruti,2018,1015000,20000,Diesel
1694,Mahindra Xylo D4 BSIV,Mahindra,2013,250000,200000,Diesel
1695,Toyota Innova Crysta 2.5 VX BS IV,Toyota,2011,520000,120000,Diesel
1696,Hyundai Verna CRDi 1.6 AT SX Option,Hyundai,2018,1100000,30000,Diesel
1697,Toyota Innova 2.5 V Diesel 7-seater,Toyota,2005,200000,223000,Diesel
1698,Maruti Swift Dzire VDI,Maruti,2016,525000,60000,Diesel
1699,Hyundai i20 Asta 1.2,Hyundai,2016,500000,40000,Petrol
1700,Mahindra Scorpio S2 7 Seater,Mahindra,2016,675000,161327,Diesel
1701,Hyundai i10 Magna 1.2 iTech SE,Hyundai,2009,150000,60000,Petrol
1702,Mahindra Bolero DI,Mahindra,2007,250000,50000,Diesel
1703,Hyundai Grand i10 1.2 Kappa Sportz BSIV,Hyundai,2018,450000,6000,Petrol
1704,Hyundai Santro Xing XS,Hyundai,2009,150000,68000,Petrol
1705,Chevrolet Beat Diesel LS,Chevrolet,2012,200000,85000,Diesel
1706,Mahindra Scorpio VLS AT 2.2 mHAWK,Mahindra,2011,525000,70000,Diesel
1707,Maruti Esteem VX,Maruti,1999,60000,35000,Petrol
1708,Maruti Swift Vdi BSIII,Maruti,2010,180000,100000,Diesel
1709,Honda Amaze S i-Dtech,Honda,2015,475000,110000,Diesel
1710,Mahindra Scorpio VLS AT 2.2 mHAWK,Mahindra,2010,380000,195000,Diesel
1711,Maruti Alto 800 LXI,Maruti,2015,285000,46000,Petrol
1712,Maruti Alto LXi BSIII,Maruti,2008,91200,60000,Petrol
1713,Hyundai Grand i10 CRDi Sportz,Hyundai,2015,400000,42000,Diesel
1714,Hyundai Santro Xing XG AT,Hyundai,2006,160000,90000,Petrol
1715,Skoda Yeti Ambition 4X2,Skoda,2012,650000,85000,Diesel
1716,Hyundai Verna 1.6 SX,Hyundai,2012,409999,120000,Diesel
1717,Ford Ecosport 1.5 DV5 MT Titanium,Ford,2013,425000,72000,Diesel
1718,Maruti Wagon R LXI CNG,Maruti,2013,250000,71000,CNG
1719,Maruti Swift Dzire VXi,Maruti,2009,200000,110000,Petrol
1720,Volkswagen Polo Diesel Trendline 1.2L,Volkswagen,2010,130000,144000,Diesel
1721,Maruti Eeco 5 Seater AC BSIV,Maruti,2017,260000,30000,Petrol
1722,Hyundai Verna SX,Hyundai,2007,155000,65000,Petrol
1723,Honda Jazz 1.5 VX i DTEC,Honda,2015,450000,38000,Diesel
1724,Maruti SX4 Celebration Petrol,Maruti,2012,220000,90000,Petrol
1725,Hyundai i20 Active S Diesel,Hyundai,2018,650000,37000,Diesel
1726,Maruti Alto 800 LXI,Maruti,2018,285000,30000,Petrol
1727,Honda Amaze V CVT Petrol BSIV,Honda,2018,725000,26000,Petrol
1728,Maruti Ciaz ZXi,Maruti,2016,625000,30000,Petrol
1729,Hyundai i20 Active SX Petrol,Hyundai,2016,550000,23000,Petrol
1730,Hyundai i10 Magna,Hyundai,2012,240000,40000,Petrol
1731,Nissan Terrano XL 85 PS,Nissan,2014,600000,27000,Diesel
1732,Tata New Safari DICOR 2.2 EX 4x2,Tata,2012,350000,65000,Diesel
1733,Hyundai EON Magna Plus,Hyundai,2015,245000,32000,Petrol
1734,Mahindra Bolero B6,Mahindra,2016,600000,56000,Diesel
1735,BMW X1 sDrive 20d xLine,BMW,2017,2400000,30000,Diesel
1736,Mahindra Scorpio SLE BS IV,Mahindra,2014,620000,80000,Diesel
1737,Maruti Swift Dzire 1.2 Vxi BSIV,Maruti,2014,395000,52000,Petrol
1738,Maruti Ertiga ZXI,Maruti,2014,635000,13250,Petrol
1739,Maruti Alto LX,Maruti,2011,180000,36000,Petrol
1740,Maruti Swift ZDI Plus,Maruti,2015,484999,73000,Diesel
1741,Maruti Alto LX,Maruti,2004,110000,60000,Petrol
1742,Maruti Wagon R VXI BSIII,Maruti,2006,150000,60000,Petrol
1743,Chevrolet Tavera Neo 2 LT L 9 Str,Chevrolet,2012,400000,110000,Diesel
1744,Tata Indica Vista Aura Plus 1.3 Quadrajet,Tata,2012,200000,70000,Diesel
1745,Renault Duster 85PS Diesel RxL Plus,Renault,2013,302000,60000,Diesel
1746,Maruti Swift Dzire Vdi BSIV,Maruti,2011,215000,90000,Diesel
1747,Maruti Wagon R VXI BSIII,Maruti,2004,155000,80000,Petrol
1748,Toyota Innova 2.5 G (Diesel) 8 Seater,Toyota,2014,1000000,101000,Diesel
1749,Mahindra Bolero Power Plus SLX,Mahindra,2018,550000,44000,Diesel
1750,Maruti Swift 1.3 VXi,Maruti,2006,200000,45000,Petrol
1751,Mahindra Scorpio S2 7 Seater,Mahindra,2017,750000,120000,Diesel
1752,Maruti Zen LXI,Maruti,2005,90000,90000,Petrol
1753,Maruti Wagon R LXI Minor,Maruti,2007,80000,120000,Petrol
1754,Hyundai EON D Lite Plus,Hyundai,2013,229999,13500,Petrol
1755,Renault KWID 1.0 RXT Optional,Renault,2017,350000,10000,Petrol
1756,Hyundai Grand i10 Magna,Hyundai,2015,325000,25000,Petrol
1757,Tata Tigor 1.2 Revotron XT,Tata,2018,450000,8500,Petrol
1758,Maruti SX4 Celebration Diesel,Maruti,2012,250000,120000,Diesel
1759,Volkswagen Polo Diesel Comfortline 1.2L,Volkswagen,2012,225000,120000,Diesel
1760,Maruti Alto LXi,Maruti,2009,150000,90246,Petrol
1761,Maruti Alto LX BSIII,Maruti,2008,110000,90000,Petrol
1762,Maruti Alto LXi BSIII,Maruti,2010,150000,40000,Petrol
1763,Maruti Gypsy King Hard Top,Maruti,2000,165000,60000,Petrol
1764,Renault Duster 85PS Diesel RxL,Renault,2017,610000,32000,Diesel
1765,Tata Manza Club Class Quadrajet90 VX,Tata,2013,170000,60400,Diesel
1766,Hyundai Verna CRDi,Hyundai,2008,150000,70950,Diesel
1767,Hyundai Xcent 1.1 CRDi Base,Hyundai,2015,375000,72000,Diesel
1768,Maruti Swift VDI,Maruti,2013,390000,90000,Diesel
1769,Hyundai i20 Active 1.2 S,Hyundai,2017,600000,10000,Petrol
1770,Maruti Alto 800 LXI,Maruti,2014,204999,25000,Petrol
1771,Hyundai Verna CRDi,Hyundai,2009,270000,80000,Diesel
1772,Hyundai Grand i10 Sportz,Hyundai,2017,375000,10000,Petrol
1773,Maruti Baleno Zeta,Maruti,2020,700000,1100,Petrol
1774,Maruti Swift VXI Deca,Maruti,2017,455000,40000,Petrol
1775,Hyundai i10 Sportz 1.1L,Hyundai,2017,375000,10000,Petrol
1776,Hyundai Grand i10 Asta,Hyundai,2014,341000,31491,Petrol
1777,Maruti Swift Dzire VDI,Maruti,2014,200000,107143,Diesel
1778,Maruti Ignis 1.2 AMT Delta BSIV,Maruti,2017,450000,15000,Petrol
1779,Hyundai Santro Xing GL Plus,Hyundai,2012,170000,50000,Petrol
1780,Toyota Innova Crysta 2.4 VX MT 8S BSIV,Toyota,2017,1900000,100000,Diesel
1781,Mahindra Bolero Power Plus LX,Mahindra,2016,500000,60000,Diesel
1782,Maruti Vitara Brezza ZDi Plus,Maruti,2016,819999,85000,Diesel
1783,Maruti Swift 1.2 DLX,Maruti,2014,351000,40000,Petrol
1784,Hyundai i10 Magna 1.2 iTech SE,Hyundai,2011,195000,80000,Petrol
1785,Maruti Swift Dzire VDi,Maruti,2008,250000,82000,Diesel
1786,Maruti Zen Estilo 1.1 VXI BSIII,Maruti,2008,120000,70000,Petrol
1787,Maruti A-Star Vxi,Maruti,2009,180000,70000,Petrol
1788,Mahindra KUV 100 mFALCON D75 K6,Mahindra,2016,430000,20000,Diesel
1789,Tata Nano Cx BSIV,Tata,2012,75000,35000,Petrol
1790,Mahindra Xylo D4,Mahindra,2017,750000,80000,Diesel
1791,Tata Nano Lx,Tata,2011,60000,40000,Petrol
1792,Toyota Innova 2.5 VX (Diesel) 8 Seater,Toyota,2015,1500000,46412,Diesel
1793,Mahindra Bolero SLX 2WD BSIII,Mahindra,2011,390000,150000,Diesel
1794,Mahindra TUV 300 T4,Mahindra,2016,630000,50000,Diesel
1795,Tata Safari Storme VX Varicor 400,Tata,2018,1085000,15000,Diesel
1796,Hyundai i10 Magna 1.2 iTech SE,Hyundai,2012,190000,60000,Petrol
1797,Maruti Baleno Delta Automatic,Maruti,2018,550000,25000,Petrol
1798,Maruti Alto 800 LXI,Maruti,2012,200000,90000,Petrol
1799,Chevrolet Spark 1.0 LT,Chevrolet,2011,165000,60000,Petrol
1800,Ford Figo Diesel Celebration Edition,Ford,2013,260000,65000,Diesel
1801,Maruti Alto LX,Maruti,2011,151000,40000,Petrol
1802,Maruti Vitara Brezza VDi,Maruti,2018,780000,50000,Diesel
1803,Tata Indica Vista Quadrajet LX,Tata,2012,175000,80000,Diesel
1804,Tata Indica Vista TDI LS,Tata,2010,170000,107500,Diesel
1805,Tata Indica Vista TDI LS,Tata,2013,210000,135000,Diesel
1806,Maruti Alto LXi,Maruti,2007,90000,43826,Petrol
1807,Hyundai i20 Active S Petrol,Hyundai,2016,535000,55838,Petrol
1808,Maruti Swift VDI BSIV,Maruti,2007,195000,112880,Diesel
1809,Tata Indica Vista Terra Quadrajet 1.3L,Tata,2011,140000,90000,Diesel
1810,Nissan Sunny XL,Nissan,2012,350000,40000,Petrol
1811,Hyundai Verna 1.6 SX VTVT (O),Hyundai,2013,425000,66000,Petrol
1812,Renault KWID 1.0 RXT Optional,Renault,2017,300000,30300,Petrol
1813,Volkswagen Vento Diesel Style Limited Edition,Volkswagen,2013,340000,85000,Diesel
1814,Maruti Swift Dzire VXi,Maruti,2009,250000,80659,Petrol
1815,Chevrolet Aveo 1.4 LS,Chevrolet,2008,170000,81324,Petrol
1816,Honda Amaze S i-Dtech,Honda,2013,315000,127884,Diesel
1817,Chevrolet Beat PS,Chevrolet,2015,200000,50000,Petrol
1818,Chevrolet Beat PS,Chevrolet,2016,300000,25000,Petrol
1819,Honda Amaze S i-Dtech,Honda,2015,300000,66755,Diesel
1820,Honda City E,Honda,2013,380000,123084,Petrol
1821,Maruti Swift VXI BSIII,Maruti,2009,250000,806599,Petrol
1822,Honda Amaze S i-Dtech,Honda,2013,310000,95851,Diesel
1823,Maruti Wagon R VXI Minor ABS,Maruti,2010,260000,50000,Petrol
1824,Maruti Omni BSIII 8-STR W/ IMMOBILISER,Maruti,2008,150000,50000,Petrol
1825,Maruti Esteem Vxi - BSIII,Maruti,2006,85000,60000,Petrol
1826,Maruti Alto 800 LXI,Maruti,2015,280000,15000,Petrol
1827,Mahindra Xylo H4 ABS,Mahindra,2016,850000,40000,Diesel
1828,Datsun GO Plus T Option BSIV,Datsun,2017,375000,20000,Petrol
1829,Hyundai Elantra CRDi (Leather Option),Hyundai,2006,125000,120000,Diesel
1830,Chevrolet Beat Diesel LT,Chevrolet,2012,250000,110000,Diesel
1831,Toyota Corolla Altis D-4D J,Toyota,2014,715000,234000,Diesel
1832,Hyundai i20 1.4 CRDi Era,Hyundai,2011,220000,70000,Diesel
1833,Tata Indica Vista Aqua 1.3 Quadrajet,Tata,2010,110000,110000,Diesel
1834,Hyundai Verna XXi (Petrol),Hyundai,2007,150000,84000,Petrol
1835,Nissan Sunny Diesel XV,Nissan,2012,300000,170000,Diesel
1836,Datsun RediGO T Option,Datsun,2017,220000,40000,Petrol
1837,Maruti Wagon R LX,Maruti,2006,75000,96000,Petrol
1838,Tata Indigo LS,Tata,2009,100000,20000,Diesel
1839,Ford Figo Aspire 1.2 Ti-VCT Trend,Ford,2016,380000,15000,Petrol
1840,Hyundai Santro Xing XK (Non-AC),Hyundai,2007,100000,50000,Petrol
1841,Volkswagen Passat 1.8 TSI MT,Volkswagen,2010,480000,80000,Petrol
1842,Toyota Etios GD,Toyota,2012,300000,124000,Diesel
1843,Chevrolet Beat Diesel LS,Chevrolet,2013,190000,70000,Diesel
1844,Ford Figo Diesel LXI,Ford,2012,190000,130000,Diesel
1845,Ford EcoSport 1.5 Ti VCT MT Trend BSIV,Ford,2017,650000,19014,Petrol
1846,Toyota Corolla Executive (HE),Toyota,2009,300000,23262,Petrol
1847,Ford Freestyle Titanium Diesel BSIV,Ford,2016,700000,29600,Diesel
1848,Hyundai i10 Sportz 1.1L,Hyundai,2015,310000,35925,Petrol
1849,Maruti Ignis 1.2 Zeta BSIV,Maruti,2018,500000,12000,Petrol
1850,Toyota Etios V,Toyota,2013,415000,40771,Petrol
1851,Maruti Celerio VXI AT,Maruti,2015,395000,30500,Petrol
1852,Toyota Etios Liva 1.2 G,Toyota,2014,430000,42000,Petrol
1853,Toyota Corolla H6,Toyota,2007,215000,55800,Petrol
1854,Renault Duster RXL AWD,Renault,2014,550000,66569,Diesel
1855,Volkswagen Polo 1.5 TDI Trendline,Volkswagen,2014,415000,81358,Diesel
1856,Volkswagen Polo 1.5 TDI Comfortline,Volkswagen,2015,450000,82695,Diesel
1857,Ford Figo Diesel EXI,Ford,2014,285000,68293,Diesel
1858,Honda Jazz VX CVT,Honda,2016,580000,32000,Petrol
1859,Maruti Swift Dzire Tour LDI,Maruti,2014,300000,190621,Diesel
1860,Hyundai Verna CRDi 1.6 SX Option,Hyundai,2018,1200000,60000,Diesel
1861,Maruti 800 Std MPFi,Maruti,2006,78000,64700,Petrol
1862,Tata Zest Quadrajet 1.3 75PS XE,Tata,2016,400000,88470,Diesel
1863,Hyundai Verna 1.6 CRDI SX Option,Hyundai,2016,850000,75000,Diesel
1864,Volkswagen Vento Diesel Highline,Volkswagen,2013,450000,120000,Diesel
1865,Mercedes-Benz E-Class E250 CDI Blue Efficiency,Mercedes-Benz,2012,2500000,35000,Diesel
1866,Toyota Etios 1.4 VXD,Toyota,2017,780000,70000,Diesel
1867,Toyota Fortuner 2.8 2WD AT BSIV,Toyota,2017,3200000,57000,Diesel
1868,Maruti Alto 800 VXI,Maruti,2020,350000,1000,Petrol
1869,Mahindra Quanto C6,Mahindra,2013,285000,120000,Diesel
1870,Volkswagen Vento 1.5 TDI Highline,Volkswagen,2015,525000,98000,Diesel
1871,Maruti Ciaz ZDi,Maruti,2014,550000,90000,Diesel
1872,Volkswagen Ameo 1.5 TDI Comfortline,Volkswagen,2018,580000,70000,Diesel
1873,Tata Nano CX SE,Tata,2013,75000,25000,Petrol
1874,Tata Manza Aura Quadrajet,Tata,2009,185000,60000,Diesel
1875,Maruti Omni E 8 Str STD,Maruti,2007,110000,90000,Petrol
1876,Honda City 1.5 EXI,Honda,2004,180000,200000,Petrol
1877,Volkswagen Polo Diesel Comfortline 1.2L,Volkswagen,2010,350000,110000,Diesel
1878,Chevrolet Optra 1.6 LS,Chevrolet,2005,60000,126000,Petrol
1879,Mahindra TUV 300 T10,Mahindra,2018,695000,70000,Diesel
1880,Mahindra Alturas G4 4X2 AT BSIV,Mahindra,2019,2700000,5000,Diesel
1881,Maruti Zen Estilo LX BSIII,Maruti,2007,135000,74183,Petrol
1882,Mahindra Bolero Power Plus Plus AC BSIV PS,Mahindra,2015,640000,70000,Diesel
1883,Maruti Alto 800 VXI,Maruti,2014,160000,90000,Petrol
1884,Tata Indica LXI,Tata,2004,80000,46000,Petrol
1885,Maruti Swift Dzire VDI,Maruti,2013,340000,110000,Diesel
1886,Maruti Ritz VDi,Maruti,2012,110000,80000,Diesel
1887,Tata Sumo Gold EX,Tata,2013,250000,90000,Diesel
1888,Toyota Innova Crysta 2.4 VX MT BSIV,Toyota,2017,1300000,70000,Diesel
1889,Mahindra Quanto C6,Mahindra,2014,250000,1,Diesel
1890,Toyota Innova 2.5 G (Diesel) 8 Seater BS IV,Toyota,2009,450000,192000,Diesel
1891,Maruti Wagon R LX Minor,Maruti,2013,240000,70000,Petrol
1892,Maruti Wagon R VXI Optional,Maruti,2015,275000,60000,Petrol
1893,Tata Sumo Victa CX 7/9 Str BSII,Tata,2012,320000,120000,Diesel
1894,Maruti Alto LX BSIII,Maruti,2008,75000,120000,Petrol
1895,Tata Indica GLS BS IV,Tata,2007,85000,50000,Petrol
1896,Tata Indica Vista Aqua TDI BSIII,Tata,2009,90000,120000,Diesel
1897,Maruti Wagon R LXI Minor,Maruti,2007,85000,80000,Petrol
1898,Mahindra Scorpio M2DI,Mahindra,2008,350000,80000,Diesel
1899,Skoda Superb Elegance 2.0 TDI CR AT,Skoda,2009,355000,100000,Diesel
1900,Maruti Swift VXI,Maruti,2020,619000,1500,Petrol
1901,Jeep Compass 2.0 Longitude Option BSIV,Jeep,2018,1700000,50000,Diesel
1902,Tata Indica DL,Tata,2006,55000,100000,Diesel
1903,Ford Fiesta 1.6 ZXi Leather,Ford,2006,95000,83411,Petrol
1904,Volkswagen Vento Diesel Highline,Volkswagen,2011,300000,120000,Diesel
1905,Ford Fiesta 1.6 ZXi Leather,Ford,2006,81000,83411,Petrol
1906,Skoda Superb Elegance 2.0 TDI CR AT,Skoda,2015,1000000,80000,Diesel
1907,Maruti Ertiga VDI,Maruti,2019,925000,50000,Diesel
1908,Mahindra Bolero Power Plus Plus AC BSIV PS,Mahindra,2015,450000,40000,Diesel
1909,Mahindra Scorpio EX,Mahindra,2014,600000,13270,Diesel
1910,Hyundai Santro Xing XL AT eRLX Euro III,Hyundai,2006,85000,100000,Petrol
1911,Mahindra Thar DI 4X4 PS,Mahindra,2016,700000,50000,Diesel
1912,Hyundai Grand i10 1.2 Kappa Magna BSIV,Hyundai,2017,486000,26500,Petrol
1913,Maruti Swift VDI,Maruti,2013,400000,90000,Diesel
1914,Ford Fiesta 1.4 Duratec ZXI,Ford,2008,120000,100000,Petrol
1915,Maruti Alto 800 LXI,Maruti,2018,275000,35000,Petrol
1916,Hyundai i20 Asta Option 1.4 CRDi,Hyundai,2016,580000,57000,Diesel
1917,Maruti Swift Dzire LXI,Maruti,2015,375000,70000,Petrol
1918,Maruti Wagon R VXI BS IV with ABS,Maruti,2015,229999,100000,Petrol
1919,Maruti Alto LX,Maruti,2010,110000,88000,Petrol
1920,Maruti Swift Dzire VDI,Maruti,2017,600000,60000,Diesel
1921,Maruti A-Star Vxi,Maruti,2009,120000,76000,Petrol
1922,Ford Figo Diesel Titanium,Ford,2010,200000,100000,Diesel
1923,Hyundai Verna 1.6 SX CRDi (O),Hyundai,2012,450000,110000,Diesel
1924,Hyundai Verna 1.6 SX CRDi (O),Hyundai,2012,550000,80000,Diesel
1925,Maruti Alto LX,Maruti,2012,220000,80000,Petrol
1926,Maruti 800 EX,Maruti,2001,40000,30000,Petrol
1927,Renault KWID Climber 1.0 AMT,Renault,2017,300000,20000,Petrol
1928,Mahindra Bolero Power Plus SLE,Mahindra,2018,630000,40000,Diesel
1929,Maruti Swift Dzire VDI,Maruti,2017,610000,40000,Diesel
1930,Hyundai Xcent 1.2 VTVT S,Hyundai,2019,660000,7000,Petrol
1931,Maruti Wagon R LXI LPG BSIV,Maruti,2012,220000,80000,LPG
1932,Nissan Micra Diesel XV Premium,Nissan,2011,138000,90000,Diesel
1933,Nissan Micra Diesel XV Premium,Nissan,2013,210000,13770,Diesel
1934,Maruti Zen LXi - BS III,Maruti,2005,125000,34000,Petrol
1935,Maruti Alto LXi BSIII,Maruti,2008,125000,102000,Petrol
1936,Honda City i DTEC SV,Honda,2014,725000,110000,Diesel
1937,Maruti Alto K10 2010-2014 VXI,Maruti,2011,170000,90000,Petrol
1938,Toyota Innova 2.5 VX (Diesel) 7 Seater,Toyota,2015,1200000,70000,Diesel
1939,Maruti Wagon R VXI BSIII,Maruti,2003,70000,90000,Petrol
1940,Maruti Alto LXi,Maruti,2007,100000,70000,Petrol
1941,Honda Civic 1.8 (E) MT,Honda,2006,300000,80000,Petrol
1942,Maruti Swift VDI,Maruti,2013,450000,100000,Diesel
1943,Maruti Swift Dzire VDI,Maruti,2015,530000,100000,Diesel
1944,Maruti Zen Estilo 1.1 LXI BSIII,Maruti,2007,100000,143000,Petrol
1945,Honda City 1.5 V MT,Honda,2010,350000,115000,Petrol
1946,Tata Manza ELAN Quadrajet BS IV,Tata,2011,165000,100000,Diesel
1947,Maruti Swift Dzire ZDI,Maruti,2019,475000,120000,Diesel
1948,Mahindra Xylo E4 ABS BS IV,Mahindra,2013,350000,42000,Diesel
1949,Renault KWID RXL,Renault,2016,229999,38000,Petrol
1950,Honda WR-V i-DTEC VX,Honda,2018,800000,35000,Diesel
1951,Maruti Swift Dzire ZDI,Maruti,2014,475000,120000,Diesel
1952,Nissan Terrano XL 110 PS,Nissan,2014,425000,136906,Diesel
1953,Maruti Ciaz VDi Plus,Maruti,2015,660000,97000,Diesel
1954,Honda Amaze S CVT Petrol,Honda,2019,610000,10000,Petrol
1955,Honda Brio S MT,Honda,2013,240000,50000,Petrol
1956,Maruti Esteem Lxi,Maruti,2005,70000,60000,Petrol
1957,Toyota Corolla Altis Diesel D4DGL,Toyota,2011,550000,120000,Diesel
1958,Tata Indica Vista Aura 1.2 Safire,Tata,2010,100000,120000,Petrol
1959,Mahindra Bolero SLE,Mahindra,2010,350000,90000,Diesel
1960,Hyundai EON Era Plus,Hyundai,2013,200000,120000,Petrol
1961,Hyundai Elite i20 Asta Option CVT BSIV,Hyundai,2019,720000,3000,Petrol
1962,Maruti Ritz VDi,Maruti,2014,350000,133000,Diesel
1963,Maruti Wagon R VXI BS IV,Maruti,2016,400000,25000,Petrol
1964,Hyundai i20 Active 1.2 S,Hyundai,2017,570000,35000,Petrol
1965,Maruti Omni MPI STD BSIV,Maruti,2015,130000,70000,Petrol
1966,Maruti Alto 800 LXI,Maruti,2016,210000,52000,Petrol
1967,Hyundai Creta 1.4 E Plus,Hyundai,2018,800000,52000,Diesel
1968,Honda Jazz 1.5 E i DTEC,Honda,2017,700000,39000,Diesel
1969,Tata Indica Vista Quadrajet VX,Tata,2011,200000,28689,Diesel
1970,Tata Aria Pure LX 4x2,Tata,2014,495000,90000,Diesel
1971,Ford Fiesta Classic 1.4 Duratorq CLXI,Ford,2014,325000,80322,Diesel
1972,Ford Freestyle Trend Petrol BSIV,Ford,2019,650000,8000,Petrol
1973,Mahindra Jeep MM 775 XDB,Mahindra,2000,155000,50000,Diesel
1974,Maruti 800 AC BSIII,Maruti,2007,75000,90000,Petrol
1975,Hyundai Grand i10 1.2 CRDi Magna,Hyundai,2015,350000,61658,Diesel
1976,Maruti Zen Estilo LX BSIV,Maruti,2010,90000,50000,Petrol
1977,Maruti Ertiga SHVS VDI,Maruti,2016,600000,80000,Diesel
1978,Mahindra Scorpio SLE BSIII,Mahindra,2010,400000,185000,Diesel
1979,Maruti Swift VDI BSIV,Maruti,2014,370000,57000,Diesel
1980,Maruti 800 DX,Maruti,2000,50000,60000,Petrol
1981,Honda City 1.5 GXI,Honda,2004,125000,120000,Petrol
1982,Honda CR-V Diesel 4WD,Honda,2018,1800000,26000,Diesel
1983,Hyundai Grand i10 1.2 Kappa Magna AT,Hyundai,2019,650000,20000,Petrol
1984,Maruti Ertiga BSIV VXI AT,Maruti,2017,800000,30600,Petrol
1985,Volkswagen Polo 1.0 TSI Highline Plus,Volkswagen,2020,802000,5000,Petrol
1986,Audi A4 35 TDI Premium,Audi,2015,2300000,35000,Diesel
1987,Hyundai Xcent 1.1 CRDi SX,Hyundai,2016,430000,35000,Diesel
1988,Hyundai Verna 1.6 SX VTVT,Hyundai,2017,650000,23000,Petrol
1989,Mahindra Scorpio 2.6 SLX Turbo 7 Seater,Mahindra,2004,170000,120000,Diesel
1990,Skoda Superb Elegance 2.0 TDI CR AT,Skoda,2011,450000,235000,Diesel
1991,Maruti Alto 800 LXI,Maruti,2013,250000,87000,Petrol
1992,Ford Ecosport 1.0 Ecoboost Titanium,Ford,2014,550000,72000,Petrol
1993,Jaguar XF 3.0 Litre S Premium Luxury,Jaguar,2013,2000000,64000,Diesel
1994,Maruti Zen Estilo VXI BSIII,Maruti,2007,140000,100000,Petrol
1995,Chevrolet Beat LT,Chevrolet,2012,155000,12000,Petrol
1996,Hyundai Accent Executive,Hyundai,2010,120000,67000,Petrol
1997,Toyota Innova 2.5 E 8 STR,Toyota,2012,287000,70000,Diesel
1998,Maruti Baleno Alpha 1.3,Maruti,2016,675000,60000,Diesel
1999,Hyundai i10 Magna 1.2 iTech SE,Hyundai,2011,235000,74500,Petrol
2000,Hyundai i20 1.4 CRDi Asta,Hyundai,2011,300000,118700,Diesel
2001,Nissan Micra XL CVT,Nissan,2015,434999,40000,Petrol
2002,Mahindra Scorpio VLX AT 2WD BSIII,Mahindra,2004,225000,223660,Diesel
2003,Toyota Corolla AE,Toyota,2006,160000,140000,Petrol
2004,Hyundai Grand i10 Nios Sportz,Hyundai,2020,600000,5000,Petrol
2005,Chevrolet Tavera Neo 3 LT 9 Seats BSIII,Chevrolet,2016,470000,100000,Diesel
2006,Maruti Swift Dzire VXi,Maruti,2011,300000,100000,Petrol
2007,Maruti Baleno Delta 1.2,Maruti,2018,600000,2000,Petrol
2008,Hyundai Grand i10 Nios AMT Magna,Hyundai,2020,640000,4000,Petrol
2009,Tata Indica DLS,Tata,2006,50000,120000,Diesel
2010,Hyundai Verna 1.6 VTVT S,Hyundai,2015,600000,35000,Petrol
2011,Hyundai i10 Magna LPG,Hyundai,2014,290000,29000,LPG
2012,Hyundai Verna 1.6 VTVT S,Hyundai,2015,600000,30000,Petrol
2013,Tata Manza Aqua Quadrajet BS IV,Tata,2012,190000,120000,Diesel
2014,Hyundai i10 Era 1.1,Hyundai,2008,160000,110000,Petrol
2015,Maruti Alto K10 VXI,Maruti,2017,325000,15000,Petrol
2016,Mahindra Bolero DI,Mahindra,2006,200000,73756,Diesel
2017,Toyota Fortuner 2.8 2WD AT BSIV,Toyota,2018,2800000,40000,Diesel
2018,Chevrolet Spark 1.0 LS,Chevrolet,2011,125000,60000,Petrol
2019,Hyundai i10 Magna 1.1,Hyundai,2008,155000,60000,Petrol
2020,Hyundai i20 Asta 1.4 CRDi,Hyundai,2015,550000,90000,Diesel
2021,Maruti Wagon R LX BSIII,Maruti,2009,130000,70000,Petrol
2022,Maruti 800 AC,Maruti,2002,80000,70000,Petrol
2023,Toyota Etios Cross 1.4L GD,Toyota,2015,500000,80000,Diesel
2024,Renault KWID RXT BSIV,Renault,2019,250000,27000,Petrol
2025,Mahindra XUV500 W8 2WD,Mahindra,2012,580000,70000,Diesel
2026,Daewoo Matiz SD,Daewoo,2002,60000,50000,Petrol
2027,Toyota Etios GD,Toyota,2012,300000,185000,Diesel
2028,Ford Figo Diesel Titanium,Ford,2014,200000,90000,Diesel
2029,Tata Hexa XT,Tata,2017,1200000,16400,Diesel
2030,Toyota Etios Cross 1.4L GD,Toyota,2015,350000,80000,Diesel
2031,Mahindra XUV500 W8 4WD,Mahindra,2012,600000,80000,Diesel
2032,Honda Jazz V,Honda,2019,650000,4000,Petrol
2033,Maruti A-Star Lxi,Maruti,2008,120000,40000,Petrol
2034,Tata New Safari DICOR 2.2 EX 4x2,Tata,2010,180000,120000,Diesel
2035,Hyundai Verna VTVT 1.6 AT SX Option,Hyundai,2018,950000,41395,Petrol
2036,Tata Manza Aura Quadrajet BS IV,Tata,2012,250999,35000,Diesel
2037,Audi A8 L 3.0 TDI quattro,Audi,2009,1250000,47000,Diesel
2038,Chevrolet Beat LT,Chevrolet,2013,165000,50000,Petrol
2039,Hyundai Elantra SX,Hyundai,2015,700000,48000,Petrol
2040,Mahindra XUV500 W8 4WD,Mahindra,2015,750000,53000,Diesel
2041,Datsun redi-GO AMT 1.0 T Option,Datsun,2018,290000,15000,Petrol
2042,Tata Nano Cx BSIII,Tata,2014,45000,7000,Petrol
2043,Skoda Superb Ambition 2.0 TDI CR AT,Skoda,2013,675000,88000,Diesel
2044,Nissan Terrano XL Plus 85 PS,Nissan,2015,530000,55000,Diesel
2045,BMW X1 sDrive20d M Sport,BMW,2014,1485000,48000,Diesel
2046,Chevrolet Enjoy TCDi LT 7 Seater,Chevrolet,2014,325000,71014,Diesel
2047,Honda Amaze S Diesel,Honda,2015,400000,60000,Diesel
2048,Mahindra KUV 100 D75 K6 Plus,Mahindra,2017,380000,71000,Diesel
2049,Honda City i-VTEC CVT VX,Honda,2016,750000,45000,Petrol
2050,Honda Brio VX,Honda,2017,390000,45000,Petrol
2051,MG Hector Sharp Diesel MT BSIV,MG,2019,1825000,14000,Diesel
2052,Audi A4 35 TDI Premium Plus,Audi,2019,3256000,17000,Diesel
2053,Renault Scala Diesel RxL,Renault,2015,370000,60000,Diesel
2054,Chevrolet Beat Diesel LT,Chevrolet,2013,210000,80000,Diesel
2055,Skoda Laura Ambiente 1.9 PD,Skoda,2007,175000,181000,Diesel
2056,Hyundai Verna 1.6 SX CRDi (O),Hyundai,2012,575000,89550,Diesel
2057,Mahindra Xylo D4,Mahindra,2010,320000,90000,Diesel
2058,Maruti Swift Ldi BSIV,Maruti,2010,280000,149500,Diesel
2059,Renault Duster 85PS Diesel RxL Optional,Renault,2013,500000,190000,Diesel
2060,Ford Fiesta Diesel Style,Ford,2013,380000,83000,Diesel
2061,Maruti 800 AC BSIII,Maruti,2005,120000,20000,Petrol
2062,Maruti Eeco 5 Seater AC BSIV,Maruti,2018,395000,20000,Petrol
2063,Skoda Laura 1.9 TDI MT Ambiente,Skoda,2010,360000,160000,Diesel
2064,Nissan Terrano XL Plus 85 PS,Nissan,2015,451000,100000,Diesel
2065,Chevrolet Spark 1.0 LS,Chevrolet,2010,175000,45000,Petrol
2066,Chevrolet Spark 1.0 LS,Chevrolet,2009,170000,44800,Petrol
2067,Hyundai Santro Xing XL eRLX Euro III,Hyundai,2006,100000,40000,Petrol
2068,Maruti Omni MPI STD BSIV,Maruti,2014,150000,120000,Petrol
2069,Tata Indica Vista Quadrajet LX,Tata,2011,149000,10000,Diesel
2070,Tata Indica Vista Aqua 1.3 Quadrajet,Tata,2011,160000,80000,Diesel
2071,Mahindra XUV500 W8 4WD,Mahindra,2014,800000,156000,Diesel
2072,Toyota Innova 2.5 VX (Diesel) 7 Seater BS IV,Toyota,2010,819999,120000,Diesel
2073,Maruti Baleno Vxi,Maruti,2007,163000,100000,Petrol
2074,Mercedes-Benz E-Class 220 CDI,Mercedes-Benz,2001,350000,100000,Diesel
2075,Tata Indica GLS BS IV,Tata,2006,75000,100000,Petrol
2076,Maruti Alto LXi,Maruti,2012,180000,60000,Petrol
2077,Ford Figo Aspire 1.5 TDCi Trend,Ford,2017,675000,30000,Diesel
2078,Maruti Swift VDI,Maruti,2013,400000,170000,Diesel
2079,Volkswagen Polo Diesel Highline 1.2L,Volkswagen,2013,434999,100000,Diesel
2080,Tata Indigo GLX,Tata,2006,100000,110000,Petrol
2081,Maruti Swift Dzire LDI Optional,Maruti,2015,419000,170000,Diesel
2082,Tata Indica GLS BS IV,Tata,2009,200000,100000,Petrol
2083,Renault Scala Diesel RxL,Renault,2014,400000,35000,Diesel
2084,Ford EcoSport 1.5 Diesel Ambiente BSIV,Ford,2018,790000,40000,Diesel
2085,Renault Duster 85PS Diesel RxL Plus,Renault,2015,500000,90000,Diesel
2086,Skoda Rapid 1.6 TDI Elegance,Skoda,2012,275000,120000,Diesel
2087,Hyundai i20 1.4 CRDi Sportz,Hyundai,2012,450000,120000,Diesel
2088,Maruti Wagon R VXI,Maruti,2016,360000,33000,Petrol
2089,Maruti Alto LXi BSIII,Maruti,2010,210000,25000,Petrol
2090,Maruti Alto K10 LXI,Maruti,2014,220000,66000,Petrol
2091,Chevrolet Aveo 1.4 LT BSIV,Chevrolet,2009,250000,48000,Petrol
2092,Toyota Innova 2.5 G (Diesel) 8 Seater,Toyota,2016,990000,146000,Diesel
2093,Mahindra Quanto C4,Mahindra,2013,220000,100000,Diesel
2094,Jaguar XF 3.0 Litre S Premium Luxury,Jaguar,2012,1800000,50000,Diesel
2095,Honda City i VTEC V,Honda,2014,530000,50000,Petrol
2096,Maruti Baleno Alpha 1.3,Maruti,2016,575000,50000,Diesel
2097,Mahindra Xylo E4,Mahindra,2012,400000,99000,Diesel
2098,Honda Mobilio S i DTEC,Honda,2016,680000,50000,Diesel
2099,Hyundai Santa Fe 4WD AT,Hyundai,2014,1000000,80000,Diesel
2100,Maruti Alto 800 LXI,Maruti,2016,260000,45000,Petrol
2101,Tata Manza Aura (ABS) Safire BS IV,Tata,2010,150000,50000,Petrol
2102,Maruti Alto LXi BSIII,Maruti,2008,180000,70000,Petrol
2103,Force One EX,Force,2014,346000,37516,Diesel
2104,Mahindra Xylo D2 BS IV,Mahindra,2015,450000,20000,Diesel
2105,Hyundai Grand i10 1.2 Kappa Sportz BSIV,Hyundai,2019,500000,5000,Petrol
2106,Hyundai Grand i10 1.2 CRDi Asta,Hyundai,2019,700000,8000,Diesel
2107,Maruti Alto 800 LXI,Maruti,2019,280000,25880,Petrol
2108,Hyundai Santro Magna AMT BSIV,Hyundai,2019,475000,10000,Petrol
2109,Maruti Swift Dzire VDi,Maruti,2009,300000,50000,Diesel
2110,Maruti Alto K10 LXI,Maruti,2014,200999,40000,Petrol
2111,Skoda Laura 1.9 TDI MT Ambiente,Skoda,2009,200000,100000,Diesel
2112,Chevrolet Aveo U-VA 1.2 LS,Chevrolet,2009,210000,80000,Petrol
2113,Tata Indigo LS BSII,Tata,2012,160000,110000,Diesel
2114,Hyundai Verna CRDi SX ABS,Hyundai,2009,175000,136000,Diesel
2115,Tata New Safari DICOR 2.2 GX 4x2 BS IV,Tata,2012,320000,80000,Diesel
2116,Maruti Alto LXi,Maruti,2009,110000,50000,Petrol
2117,Maruti Wagon R LXI Minor,Maruti,2008,300000,30000,Petrol
2118,Honda City V MT,Honda,2012,700000,10000,Petrol
2119,Tata Indica Vista Aura 1.3 Quadrajet,Tata,2009,135000,90000,Diesel
2120,Mahindra Bolero Power Plus Plus Non AC BSIV PS,Mahindra,2015,500000,110000,Diesel
2121,Mahindra Scorpio VLX 2WD AIRBAG BSIV,Mahindra,2012,550000,120000,Diesel
2122,Toyota Innova 2.5 Z Diesel 7 Seater BS IV,Toyota,2014,1050000,90000,Diesel
2123,Honda City i VTEC V,Honda,2016,500000,20000,Petrol
2124,Maruti Ritz VDi,Maruti,2011,180000,90000,Diesel
2125,Hyundai Santro Xing GLS,Hyundai,2010,170000,50000,Petrol
2126,Honda Brio 1.2 S Option MT,Honda,2019,484999,9000,Petrol
2127,Maruti A-Star Vxi,Maruti,2011,150000,70000,Petrol
2128,Maruti Alto K10 VXI Airbag,Maruti,2018,380000,25000,Petrol
2129,Hyundai Santro Sportz BSIV,Hyundai,2019,480000,10000,Petrol
2130,Volkswagen Polo Diesel Highline 1.2L,Volkswagen,2011,290000,60000,Diesel
2131,Fiat Linea Dynamic,Fiat,2013,350000,70000,Petrol
2132,Maruti Alto 800 LXI,Maruti,2014,110000,25000,Petrol
2133,Hyundai Santro LE zipPlus,Hyundai,2003,70000,80000,Petrol
2134,Volkswagen Vento Petrol Highline AT,Volkswagen,2011,300000,70000,Petrol
2135,Maruti Alto 800 LX,Maruti,2017,180000,60000,Petrol
2136,Renault KWID RXL,Renault,2020,300000,20000,Petrol
2137,Maruti Baleno Delta 1.2,Maruti,2017,509000,60000,Petrol
2138,Maruti SX4 S Cross DDiS 320 Zeta,Maruti,2016,650000,80000,Diesel
2139,Maruti Swift VDI BSIV,Maruti,2015,450000,70000,Diesel
2140,Mahindra Jeep Classic,Mahindra,1999,170000,2020,Diesel
2141,Mahindra Scorpio 2.6 Turbo 7 Str,Mahindra,2007,210000,100000,Diesel
2142,Hyundai i20 Asta 1.4 CRDi,Hyundai,2013,360000,80000,Diesel
2143,Toyota Innova 2.5 GX (Diesel) 7 Seater BS IV,Toyota,2011,495000,120000,Diesel
2144,Maruti Alto LX,Maruti,2006,105000,100000,Petrol
2145,Hyundai i20 Magna,Hyundai,2010,270000,60000,Petrol
2146,Ford Figo Petrol LXI,Ford,2010,130000,110000,Petrol
2147,Honda City i DTEC S,Honda,2014,700000,90000,Diesel
2148,Chevrolet Cruze LTZ,Chevrolet,2012,400000,40000,Diesel
2149,Maruti Swift ZXI ABS,Maruti,2009,250000,60000,Petrol
2150,Honda Amaze VX i-DTEC,Honda,2013,325000,94000,Diesel
2151,Maruti Alto LXi,Maruti,2008,69000,100000,Petrol
2152,Mahindra Scorpio S11 BSIV,Mahindra,2018,1380000,25000,Diesel
2153,Maruti Zen Estilo VXI BSIII,Maruti,2007,90000,90000,Petrol
2154,Mahindra XUV500 W6 1.99 mHawk,Mahindra,2016,1000000,40000,Diesel
2155,Hyundai Accent GLE CNG,Hyundai,2010,145000,90000,CNG
2156,Maruti Alto K10 LX,Maruti,2020,250000,1100,Petrol
2157,Maruti Swift VDI,Maruti,2011,256000,70000,Diesel
2158,Tata Indica DLS,Tata,2005,70000,120000,Diesel
2159,Maruti Wagon R VX,Maruti,2000,50000,88500,Petrol
2160,Renault KWID RXT,Renault,2016,240000,70000,Petrol
2161,Tata Indica Vista Aqua 1.2 Safire BSIV,Tata,2010,97000,128000,Petrol
2162,Tata Indigo CR4,Tata,2012,130000,120000,Diesel
2163,Maruti Swift 1.3 VXi,Maruti,2009,199000,52536,Petrol
2164,Honda Civic 1.8 S AT,Honda,2006,125000,70000,Petrol
2165,Hyundai Xcent 1.1 CRDi Base,Hyundai,2015,420000,60000,Diesel
2166,Mahindra NuvoSport N8,Mahindra,2016,525000,110000,Diesel
2167,Hyundai Santro Xing GLS,Hyundai,2008,125000,85000,Petrol
2168,Hyundai Verna Transform CRDi VGT SX ABS,Hyundai,2010,325000,135000,Diesel
2169,Volkswagen Vento New Diesel Highline,Volkswagen,2012,330000,86000,Diesel
2170,Maruti Wagon R LXI BS IV,Maruti,2010,110000,50000,Petrol
2171,Maruti S-Presso VXI Plus,Maruti,2019,450000,1950,Petrol
2172,Maruti Swift 1.3 VXi,Maruti,2005,85000,118400,Petrol
2173,Honda Civic 1.8 S MT,Honda,2007,229999,70000,Petrol
2174,Hyundai i10 Magna,Hyundai,2012,250000,60000,Petrol
2175,Ford Ecosport 1.5 DV5 MT Titanium,Ford,2015,650000,68000,Diesel
2176,Toyota Etios Liva 1.2 VX,Toyota,2017,650000,6480,Petrol
2177,Maruti Vitara Brezza VDi,Maruti,2017,750000,32077,Diesel
2178,Toyota Yaris G,Toyota,2018,850000,19107,Petrol
2179,Hyundai EON Era Plus Option,Hyundai,2017,315000,18469,Petrol
2180,Maruti Swift LXI Option,Maruti,2015,415000,28217,Petrol
2181,Maruti Ciaz ZDi Plus,Maruti,2016,640000,72787,Diesel
2182,Maruti Ciaz 1.4 Alpha,Maruti,2017,780000,31063,Petrol
2183,Toyota Fortuner 4x2 AT,Toyota,2017,2595000,79641,Diesel
2184,Hyundai Creta 1.6 CRDi SX,Hyundai,2015,850000,58692,Diesel
2185,Hyundai Creta 1.6 CRDi SX,Hyundai,2015,900000,54784,Diesel
2186,Toyota Corolla Altis GL MT,Toyota,2016,1150000,64156,Petrol
2187,Maruti Esteem Lxi - BSIII,Maruti,2007,75000,54000,Petrol
2188,Volkswagen Vento Diesel Comfortline,Volkswagen,2012,215000,97000,Diesel
2189,Maruti SX4 ZXI AT,Maruti,2009,130000,120000,Petrol
2190,Hyundai Santro Magna AMT BSIV,Hyundai,2019,400000,16000,Petrol
2191,Maruti Swift Dzire AMT ZXI,Maruti,2019,550000,60000,Petrol
2192,Chevrolet Beat LT,Chevrolet,2016,245000,52000,Petrol
2193,Maruti Swift VDI BSIV,Maruti,2010,320000,110000,Diesel
2194,Mahindra TUV 300 T8 AMT,Mahindra,2016,730000,60000,Diesel
2195,Ford Fusion 1.6 Duratec Petrol,Ford,2005,120000,100000,Petrol
2196,Honda City i-VTEC VX,Honda,2017,950000,35000,Petrol
2197,Maruti Wagon R VXI BS IV,Maruti,2017,350000,48000,Petrol
2198,Maruti Esteem Vxi,Maruti,2005,100000,20000,Petrol
2199,Maruti Wagon R VXI BS IV,Maruti,2017,350000,30000,Petrol
2200,Maruti Wagon R VXI BSIII,Maruti,2005,80000,40000,Petrol
2201,Hyundai Verna 1.6 VTVT,Hyundai,2013,370000,60000,Petrol
2202,Hyundai EON D Lite Plus,Hyundai,2012,160000,70000,Petrol
2203,Tata Sumo Victa EX 7/9 Str BSII,Tata,2009,130000,120000,Diesel
2204,Chevrolet Sail Hatchback 1.2 LS,Chevrolet,2016,250000,30000,Petrol
2205,Tata New Safari DICOR 2.2 GX 4x2 BS IV,Tata,2012,270000,80000,Diesel
2206,BMW X1 sDrive 20d xLine,BMW,2019,2600000,9500,Diesel
2207,Hyundai EON Era Plus,Hyundai,2013,160000,80000,Petrol
2208,Hyundai EON Magna Plus,Hyundai,2016,229999,80000,Petrol
2209,Mahindra Bolero Power Plus ZLX,Mahindra,2017,750000,29000,Diesel
2210,Chevrolet Optra Magnum 2.0 LS,Chevrolet,2011,195000,120000,Diesel
2211,Datsun RediGO S,Datsun,2016,270000,22000,Petrol
2212,Skoda Fabia 1.2 MPI Ambition Plus,Skoda,2012,300000,50000,Petrol
2213,Chevrolet Beat Diesel LT,Chevrolet,2012,200000,50000,Diesel
2214,Maruti Zen Estilo 1.1 LXI BSIII,Maruti,2007,120000,81366,Petrol
2215,Maruti Esteem Vxi - BSIII,Maruti,2006,95000,110000,Petrol
2216,Toyota Innova 2.5 G (Diesel) 8 Seater BS IV,Toyota,2006,229999,300000,Diesel
2217,Renault Fluence 1.5,Renault,2012,300000,90000,Diesel
2218,Renault KWID RXT,Renault,2016,200000,53000,Petrol
2219,Maruti Alto 800 LXI,Maruti,2017,250000,30000,Petrol
2220,Maruti Swift Dzire 1.2 Vxi BSIV,Maruti,2012,368000,90000,Petrol
2221,Toyota Innova 2.5 GX (Diesel) 7 Seater,Toyota,2014,650000,244000,Diesel
2222,Mahindra Jeep CL 500 MDI,Mahindra,1997,150000,120000,Diesel
2223,Maruti Wagon R LXI DUO BS IV,Maruti,2012,180000,60000,LPG
2224,Hyundai Grand i10 1.2 Kappa Sportz Option,Hyundai,2017,525000,15000,Petrol
2225,Ford Endeavour 4x4 XLT,Ford,2005,350000,150000,Diesel
2226,Mahindra TUV 300 Plus P4,Mahindra,2018,850000,30000,Diesel
2227,Volkswagen Jetta 2.0 TDI Comfortline,Volkswagen,2011,350000,312000,Diesel
2228,Maruti Swift 1.3 VXi,Maruti,2005,160000,67000,Petrol
2229,Maruti Swift LDI Optional,Maruti,2017,500000,40000,Diesel
2230,Hyundai Santro Xing GLS,Hyundai,2008,130000,100000,Petrol
2231,Tata Zest Quadrajet 1.3 75PS XE,Tata,2015,350000,100000,Diesel
2232,Maruti Wagon R LXI,Maruti,2005,70000,80000,Petrol
2233,Toyota Innova 2.5 G (Diesel) 7 Seater,Toyota,2014,750000,145000,Diesel
2234,Honda Amaze VX i-DTEC,Honda,2013,450000,53000,Diesel
2235,Maruti Swift Dzire LDI,Maruti,2015,430000,73000,Diesel
2236,Maruti SX4 VDI,Maruti,2011,260000,90000,Diesel
2237,Maruti Swift VDI,Maruti,2013,370000,80000,Diesel
2238,Chevrolet Aveo 1.4 CNG,Chevrolet,2011,229999,100000,CNG
2239,Ford Figo Diesel EXI,Ford,2011,140000,90000,Diesel
2240,Toyota Innova 2.5 G (Diesel) 7 Seater,Toyota,2013,700000,200000,Diesel
2241,Hyundai Elite i20 Magna Plus BSIV,Hyundai,2020,545000,7300,Petrol
2242,Datsun RediGO T Option,Datsun,2017,200000,30000,Petrol
2243,Tata Safari Storme VX,Tata,2015,500000,120000,Diesel
2244,Maruti Alto LXi,Maruti,2008,70000,90000,Petrol
2245,Mahindra Thar 4X4,Mahindra,2013,580000,25000,Diesel
2246,Maruti Eeco 5 STR With AC Plus HTR CNG,Maruti,2012,160000,70000,CNG
2247,Maruti Alto LXi,Maruti,2010,160000,36000,Petrol
2248,Maruti Ertiga SHVS ZDI Plus,Maruti,2016,760000,49000,Diesel
2249,Hyundai EON Magna Optional,Hyundai,2015,300000,22000,Petrol
2250,Maruti Omni 5 Str STD LPG,Maruti,1998,50000,35000,LPG
2251,Mahindra Bolero 2011-2019 SLX,Mahindra,2019,800000,24000,Diesel
2252,Maruti Swift Dzire VDI,Maruti,2018,680000,20000,Diesel
2253,Maruti 800 DUO AC LPG,Maruti,2009,85000,50000,LPG
2254,Toyota Innova Crysta 2.4 G MT BSIV,Toyota,2016,1300000,70000,Diesel
2255,Maruti Swift VXI BSIV,Maruti,2016,500000,60000,Petrol
2256,Audi Q5 2.0 TDI,Audi,2015,3500000,35000,Diesel
2257,Hyundai Accent GLX,Hyundai,2008,145000,60000,Petrol
2258,Mahindra Quanto C6,Mahindra,2013,300000,60000,Diesel
2259,Maruti Swift VDI Optional,Maruti,2017,600000,60000,Diesel
2260,Maruti Swift Dzire VXI,Maruti,2015,400000,70000,Petrol
2261,Hyundai Santro Xing XK eRLX EuroIII,Hyundai,2007,130000,135000,Petrol
2262,Maruti 800 AC BSII,Maruti,2001,45000,72539,Petrol
2263,Maruti Baleno Zeta 1.2,Maruti,2017,641000,25000,Petrol
2264,Maruti Swift Dzire VDI,Maruti,2015,650000,50000,Diesel
2265,Ford Freestyle Titanium Diesel,Ford,2020,784000,101,Diesel
2266,Ford Figo Titanium,Ford,2020,635000,101,Petrol
2267,Ford Ecosport 1.5 Diesel Titanium,Ford,2020,1000000,101,Diesel
2268,Ford Figo 1.5D Titanium Opt MT,Ford,2015,495000,52328,Diesel
2269,Hyundai Santro Xing GLS,Hyundai,2013,324000,30000,Petrol
2270,Ford Endeavour 3.2 Titanium AT 4X4,Ford,2016,2100000,91505,Diesel
2271,Maruti Alto 800 LXI,Maruti,2018,200000,35000,Petrol
2272,Maruti Swift Dzire VDI,Maruti,2015,320000,60000,Diesel
2273,Hyundai EON Magna Optional,Hyundai,2015,300000,20500,Petrol
2274,Tata Indica Vista Quadrajet LX,Tata,2013,180000,200000,Diesel
2275,Toyota Innova 2.5 V Diesel 8-seater,Toyota,2008,500000,154000,Diesel
2276,Toyota Etios VX,Toyota,2011,305000,120000,Petrol
2277,Maruti 800 AC,Maruti,2009,125000,50000,Petrol
2278,Maruti Swift Dzire ZDI,Maruti,2015,800000,135000,Diesel
2279,Mahindra Scorpio SLE BSIV,Mahindra,2009,420000,100000,Diesel
2280,Maruti Vitara Brezza ZDi Plus,Maruti,2017,875000,40000,Diesel
2281,Maruti Swift Dzire ZDI,Maruti,2014,580000,70000,Diesel
2282,Maruti Swift Ldi BSIV,Maruti,2011,350000,133000,Diesel
2283,Hyundai Accent GLS,Hyundai,2004,120000,110000,Petrol
2284,Tata Indica Vista TDI LS,Tata,2013,150000,180000,Diesel
2285,Renault Duster 110PS Diesel RxZ,Renault,2013,650000,120000,Diesel
2286,Maruti Alto K10 2010-2014 VXI,Maruti,2010,225000,80000,Petrol
2287,Honda Amaze S AT i-Vtech,Honda,2014,400000,15000,Petrol
2288,Hyundai Getz GLS,Hyundai,2005,250000,70000,Petrol
2289,Hyundai Santro Xing GL Plus,Hyundai,2008,120000,41723,Petrol
2290,Maruti SX4 Vxi BSIV,Maruti,2010,250000,70000,Petrol
2291,Maruti Alto K10 LXI,Maruti,2012,175000,20000,Petrol
2292,Maruti Ignis 1.3 Delta,Maruti,2018,590000,26350,Diesel
2293,Tata Indigo CS LX (TDI) BS-III,Tata,2015,225000,68745,Diesel
2294,Mahindra XUV500 W6 2WD,Mahindra,2016,900000,47000,Diesel
2295,Maruti Alto K10 VXI AGS,Maruti,2017,375000,27289,Petrol
2296,Hyundai EON Era Plus,Hyundai,2016,320000,24662,Petrol
2297,Maruti Swift Dzire VDI,Maruti,2013,525000,37000,Diesel
2298,Nissan Evalia XV,Nissan,2014,650000,28245,Diesel
2299,Hyundai Grand i10 1.2 CRDi Sportz Option,Hyundai,2017,575000,27005,Diesel
2300,Hyundai i10 Magna,Hyundai,2014,355000,39227,Petrol
2301,Mahindra KUV 100 D75 K4 Plus 5Str,Mahindra,2016,470000,31367,Diesel
2302,Maruti Wagon R LXI,Maruti,2008,221000,35008,Petrol
2303,Hyundai Santro Xing GLS,Hyundai,2009,195000,27005,Petrol
2304,Hyundai Santro Xing XG,Hyundai,2004,90000,100005,Petrol
2305,Hyundai Verna SX Diesel,Hyundai,2013,580000,45264,Diesel
2306,Maruti Eeco 7 Seater Standard BSIV,Maruti,2014,325000,39093,Petrol
2307,Honda City Corporate Edition,Honda,2013,495000,45241,Petrol
2308,Hyundai EON Era,Hyundai,2014,290000,12000,Petrol
2309,Datsun RediGO 1.0 T Option,Datsun,2018,375000,2769,Petrol
2310,Tata Indica Vista TDI LS,Tata,2011,211000,43128,Diesel
2311,Maruti Alto LXI,Maruti,2004,70000,50000,Petrol
2312,Hyundai i10 Magna 1.2,Hyundai,2010,225000,60000,Petrol
2313,Mahindra Scorpio LX,Mahindra,2014,420000,70000,Diesel
2314,Chevrolet Sail Hatchback 1.2 LS,Chevrolet,2015,280000,22255,Petrol
2315,Hyundai i20 Sportz 1.2,Hyundai,2013,400000,59213,Petrol
2316,Mahindra XUV500 W6 2WD,Mahindra,2015,850000,55000,Diesel
2317,Ford Fiesta Titanium 1.5 TDCi,Ford,2011,550000,80000,Diesel
2318,Renault Captur 1.5 Diesel RXT Mono,Renault,2018,1000000,40000,Diesel
2319,Mahindra Xylo D2 Maxx,Mahindra,2014,350000,170000,Diesel
2320,Tata New Safari DICOR 2.2 EX 4x2,Tata,2011,350000,170000,Diesel
2321,Honda Civic 1.8 S MT,Honda,2007,170000,70000,Petrol
2322,Ford Aspire Titanium BSIV,Ford,2020,828999,1010,Petrol
2323,Ford EcoSport 1.5 Ti VCT MT Titanium BE BSIV,Ford,2020,1119000,1010,Petrol
2324,Ford Figo Titanium,Ford,2020,746000,1111,Petrol
2325,Ford Ecosport 1.5 Petrol Trend,Ford,2020,1030000,1010,Petrol
2326,Ford EcoSport 1.5 TDCi Titanium Plus BSIV,Ford,2020,1334000,1010,Diesel
2327,Ford Freestyle Titanium,Ford,2020,811999,1010,Petrol
2328,Ford Ecosport Thunder Edition Diesel,Ford,2020,1331000,1010,Diesel
2329,Ford Freestyle Titanium Plus,Ford,2020,852000,1010,Petrol
2330,Tata Indica DLE,Tata,2006,45000,120000,Diesel
2331,Renault Duster 85PS Diesel RxL Optional,Renault,2013,430000,70000,Diesel
2332,Mahindra Scorpio S2 9 Seater,Mahindra,2015,830000,70000,Diesel
2333,Mahindra Scorpio VLS 2.2 mHawk,Mahindra,2009,409999,110000,Diesel
2334,Maruti Swift VDI,Maruti,2012,190000,80000,Diesel
2335,Honda Accord VTi-L (MT),Honda,2007,200000,80000,Petrol
2336,Hyundai Accent GLX,Hyundai,2006,120000,110000,Petrol
2337,Mahindra Bolero Power Plus Plus AC BSIV PS,Mahindra,2019,850000,50000,Diesel
2338,Tata Indigo CS LE (TDI) BS-III,Tata,2011,95000,115000,Diesel
2339,Maruti Wagon R LXI BS IV,Maruti,2013,213000,80000,Petrol
2340,Volkswagen Ameo 1.5 TDI Highline Plus 16,Volkswagen,2018,660000,25000,Diesel
2341,Nissan Micra XL,Nissan,2017,415000,48965,Petrol
2342,Ford Ecosport 1.5 Petrol Titanium Plus,Ford,2019,1100000,5166,Petrol
2343,Mahindra XUV500 W8 4WD,Mahindra,2012,650000,76290,Diesel
2344,Mahindra XUV500 AT W10 AWD,Mahindra,2016,969999,70000,Diesel
2345,Mahindra XUV500 W10 2WD,Mahindra,2016,1250000,35000,Diesel
2346,Maruti Swift Dzire AMT VDI,Maruti,2017,715000,25000,Diesel
2347,Maruti Swift VDI,Maruti,2016,565000,47000,Diesel
2348,Mahindra Thar 4X4,Mahindra,2013,615000,45766,Diesel
2349,Tata New Safari 4X4,Tata,2007,199000,78771,Diesel
2350,Maruti Swift Vdi BSIII,Maruti,2010,325000,79357,Diesel
2351,Ford Figo Diesel EXI,Ford,2012,409999,28000,Diesel
2352,Hyundai Verna SX CRDi AT,Hyundai,2012,500000,72000,Diesel
2353,Ford Figo Diesel LXI,Ford,2011,225000,76736,Diesel
2354,Maruti Alto LX BSIII,Maruti,2007,135000,70000,Petrol
2355,Renault Koleos 2.0 Diesel,Renault,2012,750000,80000,Diesel
2356,Maruti Wagon R LXI DUO BSIII,Maruti,2009,155000,60000,LPG
2357,Volkswagen Polo Diesel Highline 1.2L,Volkswagen,2012,335000,77000,Diesel
2358,Ford Ikon 1.8 D,Ford,2005,114999,92645,Diesel
2359,Mercedes-Benz New C-Class 200 CDI Classic,Mercedes-Benz,2007,699000,101849,Diesel
2360,Mahindra Bolero DI,Mahindra,2004,110000,120000,Diesel
2361,Hyundai i20 Asta 1.2,Hyundai,2012,300000,80000,Petrol
2362,Mahindra Scorpio S4 4WD,Mahindra,2014,700000,70000,Diesel
2363,Maruti Ertiga SHVS LDI Option,Maruti,2017,700000,120000,Diesel
2364,Maruti Alto 800 LXI,Maruti,2013,210000,42000,Petrol
2365,Maruti Ertiga VDI,Maruti,2012,600000,120000,Diesel
2366,Tata Manza Aura (ABS) Quadrajet BS IV,Tata,2012,180000,155836,Diesel
2367,Maruti Wagon R VXi BSII,Maruti,2011,220000,59000,Petrol
2368,Chevrolet Spark 1.0 LT,Chevrolet,2009,70000,60000,Petrol
2369,Hyundai Creta 1.4 CRDi Base,Hyundai,2018,950000,70000,Diesel
2370,Ford Fiesta 1.5 TDCi Ambiente,Ford,2014,800000,20000,Diesel
2371,Mahindra XUV500 W8 4WD,Mahindra,2012,700000,120000,Diesel
2372,Renault KWID 1.0,Renault,2016,265000,40000,Petrol
2373,Volkswagen Polo Diesel Trendline 1.2L,Volkswagen,2011,175000,90000,Diesel
2374,Mahindra Quanto C6,Mahindra,2012,260000,89000,Diesel
2375,Toyota Innova 2.5 VX (Diesel) 7 Seater,Toyota,2013,950000,80000,Diesel
2376,Maruti Swift Vdi BSIII,Maruti,2009,250000,200000,Diesel
2377,Mahindra Scorpio S10 7 Seater,Mahindra,2015,630000,50000,Diesel
2378,Tata Nano LX SE,Tata,2012,35000,35000,Petrol
2379,Chevrolet Enjoy TCDi LS 8 Seater,Chevrolet,2014,330000,200000,Diesel
2380,Maruti Alto LXi,Maruti,2009,150000,120000,Petrol
2381,Tata Indigo LS,Tata,2008,105000,90000,Diesel
2382,Tata Indica Vista TDI LX,Tata,2013,185000,65000,Diesel
2383,Fiat Grande Punto EVO 1.3 Active,Fiat,2014,260000,50000,Diesel
2384,Maruti Swift Dzire VDi,Maruti,2012,450000,33000,Diesel
2385,Maruti Swift VXI Deca,Maruti,2016,500000,38000,Petrol
2386,Maruti Alto K10 2010-2014 VXI,Maruti,2012,260000,40000,Petrol
2387,Volkswagen Polo Diesel Trendline 1.2L,Volkswagen,2012,265000,55000,Diesel
2388,Mahindra Thar CRDe,Mahindra,2017,800000,26000,Diesel
2389,Tata Safari Storme VX Varicor 400,Tata,2016,869999,80000,Diesel
2390,Maruti Baleno Alpha 1.2,Maruti,2018,690000,40000,Petrol
2391,Mitsubishi Pajero 2.8 SFX BSIV Dual Tone,Mitsubishi,2011,825000,120000,Diesel
2392,Maruti Alto LX BSIII,Maruti,2006,160000,63230,Petrol
2393,Mahindra Scorpio 2.6 SLX CRDe,Mahindra,2006,300000,120000,Diesel
2394,Maruti Wagon R VXI,Maruti,2005,100000,100000,Petrol
2395,Hyundai i20 Asta 1.4 CRDi,Hyundai,2015,530000,77000,Diesel
2396,Maruti Swift VXI Optional,Maruti,2016,360000,30000,Petrol
2397,Maruti Swift 1.2 DLX,Maruti,2015,220000,40000,Petrol
2398,Maruti Alto 800 LXI,Maruti,2017,178000,35000,Petrol
2399,Mahindra Thar DI 4X2,Mahindra,2018,515000,5000,Diesel
2400,Maruti Ritz VXi,Maruti,2014,300000,35000,Petrol
2401,Tata Indica Vista Quadrajet LS,Tata,2012,150000,80000,Diesel
2402,Tata Nexon 1.2 Revotron XZ Plus Dual Tone,Tata,2017,750000,15000,Petrol
2403,Toyota Innova 2.5 G1 BSIV,Toyota,2012,950000,80000,Diesel
2404,Maruti 800 Std BSII,Maruti,2006,90000,40000,Petrol
2405,Tata Indica GLS BS IV,Tata,2008,65000,110000,Petrol
2406,Hyundai Verna 1.6 CRDI,Hyundai,2012,312000,90000,Diesel
2407,Maruti Vitara Brezza LDi,Maruti,2018,700000,25000,Diesel
2408,Hyundai Santro Xing XL eRLX Euro III,Hyundai,2005,150000,47000,Petrol
2409,Renault Fluence 1.5,Renault,2013,450000,60000,Diesel
2410,Hyundai Verna Transform CRDi VGT ABS,Hyundai,2010,229999,120000,Diesel
2411,Maruti Swift Ldi BSIII,Maruti,2008,111000,120000,Diesel
2412,Maruti Swift Dzire VDi,Maruti,2012,250000,140000,Diesel
2413,Ford Freestyle Titanium Plus Diesel,Ford,2019,750000,1001,Diesel
2414,Ford Figo 1.5P Titanium AT,Ford,2017,774000,1758,Petrol
2415,Ford Figo 1.5P Titanium AT,Ford,2018,711000,1452,Petrol
2416,Ford Figo 1.5D Titanium MT,Ford,2017,600000,35122,Diesel
2417,Maruti Swift Dzire VDI,Maruti,2015,455000,92621,Diesel
2418,Datsun GO T Petrol,Datsun,2015,225000,92198,Petrol
2419,Maruti Swift Dzire VDI,Maruti,2019,650000,5000,Diesel
2420,Chevrolet Beat LT,Chevrolet,2013,200000,50000,Petrol
2421,Hyundai Creta 1.6 CRDi AT SX Plus,Hyundai,2016,875000,74000,Diesel
2422,Skoda Rapid 1.5 TDI AT Ambition BSIV,Skoda,2017,750000,40000,Diesel
2423,Maruti Swift Dzire AMT VDI,Maruti,2019,725000,22000,Diesel
2424,Maruti Alto LXi,Maruti,2007,100000,100000,Petrol
2425,Tata Hexa XT,Tata,2019,1100000,40000,Diesel
2426,Ford Endeavour 3.2 Titanium AT 4X4,Ford,2017,2700000,30000,Diesel
2427,Renault KWID RXT Optional,Renault,2016,280000,23000,Petrol
2428,Tata Indica Vista Aqua TDI BSIII,Tata,2009,150000,30000,Diesel
2429,Tata Manza Aura Safire,Tata,2010,200000,50000,Petrol
2430,Maruti Ritz VDi,Maruti,2010,148000,100000,Diesel
2431,Maruti Swift Dzire VXi,Maruti,2011,254999,70000,Petrol
2432,Maruti Swift Dzire ZXI,Maruti,2013,360000,60000,Petrol
2433,Maruti Alto LX,Maruti,2006,95000,90000,Petrol
2434,Mahindra Bolero SLE BSIII,Mahindra,2007,185000,230000,Diesel
2435,Tata Indica Vista Quadrajet VX,Tata,2012,185000,40000,Diesel
2436,Renault KWID RXL,Renault,2019,300000,15000,Petrol
2437,Hyundai Verna VTVT 1.6 SX,Hyundai,2018,800000,40000,Petrol
2438,Maruti Zen LX,Maruti,2000,60000,50000,Petrol
2439,Fiat Punto 1.2 Active,Fiat,2010,80000,50000,Petrol
2440,Hyundai Xcent 1.2 VTVT S,Hyundai,2018,500000,8000,Petrol
2441,Hyundai EON Era Plus,Hyundai,2013,250000,35000,Petrol
2442,Tata New Safari DICOR 2.2 EX 4x2,Tata,2010,250000,80000,Diesel
2443,Maruti Wagon R LXI BSIII,Maruti,2005,125000,50000,Petrol
2444,Maruti Alto LXi BSII,Maruti,2002,100000,80000,Petrol
2445,Mahindra Scorpio M2DI,Mahindra,2010,480000,90000,Diesel
2446,Mahindra KUV 100 G80 K2,Mahindra,2018,320000,30000,Petrol
2447,Maruti A-Star Vxi,Maruti,2010,130000,70000,Petrol
2448,Tata Indica DLS,Tata,2006,57000,80000,Diesel
2449,Hyundai Santro GLS I - Euro I,Hyundai,2005,75000,60000,Petrol
2450,Maruti 800 DX,Maruti,2003,60000,35000,Petrol
2451,Maruti Alto LXi BSIII,Maruti,2008,125000,70000,Petrol
2452,Honda City 1.5 EXI S,Honda,2004,105000,100000,Petrol
2453,Maruti Wagon R LXI DUO BSIII,Maruti,2008,125000,152000,LPG
2454,Maruti Zen LXI,Maruti,1998,69000,70000,Petrol
2455,Tata Indigo LX,Tata,2012,130000,90000,Diesel
2456,Maruti Baleno Zeta 1.2,Maruti,2019,630000,40000,Petrol
2457,Honda Amaze E i-VTEC,Honda,2016,330000,50000,Petrol
2458,Maruti Wagon R VXI BS IV,Maruti,2014,340000,15000,Petrol
2459,Hyundai Santro Xing XG eRLX Euro III,Hyundai,2006,60000,120000,Petrol
2460,Tata Safari Storme EX,Tata,2014,550000,78322,Diesel
2461,Maruti Ertiga VDI,Maruti,2014,480000,110000,Diesel
2462,Hyundai Verna 1.6 SX CRDi (O),Hyundai,2013,315000,80000,Diesel
2463,Ford Fiesta Titanium 1.5 TDCi,Ford,2012,165000,120000,Diesel
2464,Chevrolet Beat LS,Chevrolet,2016,170000,125000,Petrol
2465,Maruti Baleno Delta 1.2,Maruti,2018,550000,8000,Petrol
2466,Volkswagen Ameo 1.2 MPI Trendline,Volkswagen,2018,465000,13000,Petrol
2467,Tata Indica Vista Quadrajet LX,Tata,2012,120000,80000,Diesel
2468,Hyundai Verna 1.6 Xi ABS,Hyundai,2008,220000,54309,Petrol
2469,Ford Figo Diesel LXI,Ford,2011,180000,70000,Diesel
2470,Chevrolet Aveo 1.6 LT,Chevrolet,2006,150000,34600,Petrol
2471,Tata Zest Revotron 1.2T XMS,Tata,2016,520000,25000,Petrol
2472,Tata Safari Storme EX,Tata,2013,430000,80000,Diesel
2473,Mahindra Bolero DI DX 8 Seater,Mahindra,2009,300000,55000,Diesel
2474,Hyundai Venue SX Opt Diesel,Hyundai,2020,1000000,5000,Diesel
2475,Honda WR-V i-DTEC VX,Honda,2017,725000,30000,Diesel
2476,Hyundai Verna 1.4 EX,Hyundai,2011,500000,31000,Diesel
2477,Maruti Wagon R LXI BS IV,Maruti,2011,250000,50000,Petrol
2478,Maruti Swift Dzire VDI,Maruti,2018,700000,38217,Diesel
2479,Ford Figo Petrol ZXI,Ford,2011,185000,50000,Petrol
2480,Maruti Ritz VDi,Maruti,2011,200000,120000,Diesel
2481,Mahindra Bolero DI,Mahindra,2004,315000,110000,Diesel
2482,Tata Harrier XZ BSIV,Tata,2019,1700000,10000,Diesel
2483,Mahindra KUV 100 mFALCON G80 K8 5str,Mahindra,2016,370000,60000,Petrol
2484,Hyundai i10 Sportz,Hyundai,2011,250000,50000,Petrol
2485,Maruti Ignis 1.2 Delta BSIV,Maruti,2019,500000,15000,Petrol
2486,Toyota Corolla Altis 1.8 J,Toyota,2008,400000,35000,Petrol
2487,Tata Manza Club Class Quadrajet90 LS,Tata,2014,200000,100000,Diesel
2488,Maruti Swift Dzire VDI,Maruti,2016,284000,40000,Diesel
2489,Maruti Wagon R VXI Minor,Maruti,2007,80000,60000,Petrol
2490,Chevrolet Beat PS,Chevrolet,2014,170000,77000,Petrol
2491,Hyundai Accent Executive,Hyundai,2011,150000,60000,Petrol
2492,Tata Manza Aura (ABS) Safire BS IV,Tata,2010,110000,77073,Petrol
2493,Ford Figo Aspire 1.5 TDCi Titanium,Ford,2016,400000,70000,Diesel
2494,Hyundai i10 Magna LPG,Hyundai,2013,275000,90000,LPG
2495,Toyota Innova 2.5 G (Diesel) 7 Seater,Toyota,2013,800000,186000,Diesel
2496,Mahindra Scorpio M2DI,Mahindra,2014,550000,90000,Diesel
2497,Maruti Alto LX BSIII,Maruti,2007,125000,100000,Petrol
2498,Chevrolet Beat LT,Chevrolet,2010,135000,80000,Petrol
2499,Mahindra Scorpio LX BSIV,Mahindra,2012,349000,150000,Diesel
2500,Maruti Swift VDI BSIV,Maruti,2014,458000,80000,Diesel
2501,Maruti Alto K10 VXI,Maruti,2018,300000,35000,Petrol
2502,Maruti Alto LXi,Maruti,2008,95000,70000,Petrol
2503,Maruti S-Cross Zeta DDiS 200 SH,Maruti,2018,850000,50000,Diesel
2504,Ford Freestyle Titanium Diesel,Ford,2019,750000,25000,Diesel
2505,Ford Figo Diesel Celebration Edition,Ford,2013,190000,120000,Diesel
2506,Maruti Wagon R LXI Minor,Maruti,2009,150000,70000,Petrol
2507,Hyundai Accent GLE,Hyundai,2009,114999,106000,Petrol
2508,Toyota Innova 2.0 VX 7 Seater,Toyota,2010,320000,120000,Petrol
2509,Maruti Alto 800 CNG LXI Optional,Maruti,2019,300000,120000,CNG
2510,Maruti Ritz LXi,Maruti,2016,275000,160000,Petrol
2511,Chevrolet Aveo 1.6 LT with ABS,Chevrolet,2010,140000,120000,Petrol
2512,Tata Altroz XZ,Tata,2020,830000,10000,Petrol
2513,Volkswagen Polo SR Petrol 1.2L,Volkswagen,2013,380000,50000,Petrol
2514,Hyundai i10 Magna 1.2,Hyundai,2010,150000,90000,Petrol
2515,Chevrolet Spark 1.0 LS,Chevrolet,2008,50000,70000,Petrol
2516,Mahindra Bolero SLX,Mahindra,2008,155000,100000,Diesel
2517,Skoda Superb 1.8 TFSI MT,Skoda,2010,300000,80000,Petrol
2518,Maruti Alto 800 LXI,Maruti,2018,300000,16584,Petrol
2519,Tata Tiago 2019-2020 XE Diesel,Tata,2016,385000,38000,Diesel
2520,Maruti Wagon R LXI,Maruti,2010,221000,51000,Petrol
2521,Tata Tiago 1.05 Revotorq XE,Tata,2016,381000,38000,Diesel
2522,Maruti Alto 800 LXI,Maruti,2015,250999,35000,Petrol
2523,Hyundai Santro LS zipPlus,Hyundai,2002,60000,120000,Petrol
2524,Tata Tiago 1.05 Revotorq XE,Tata,2016,380000,38000,Diesel
2525,Skoda Laura L n K 1.9 PD,Skoda,2008,180000,144000,Diesel
2526,Maruti Ciaz ZDi Plus,Maruti,2017,751000,64000,Diesel
2527,Mahindra XUV500 AT W10 FWD,Mahindra,2015,1250000,60000,Diesel
2528,Hyundai EON 1.0 Era Plus,Hyundai,2014,229999,65000,Petrol
2529,Tata Safari Storme EX,Tata,2019,1250000,24000,Diesel
2530,Mahindra Scorpio VLX 2WD BSIV,Mahindra,2014,782000,58000,Diesel
2531,Mahindra Scorpio VLX 2.2 mHawk Airbag BSIV,Mahindra,2014,780000,58000,Diesel
2532,Maruti Alto 800 LXI,Maruti,2016,245000,68000,Petrol
2533,Hyundai i20 1.4 CRDi Sportz,Hyundai,2011,321000,81257,Diesel
2534,Hyundai Grand i10 1.2 CRDi Sportz Option,Hyundai,2017,509999,44000,Diesel
2535,Tata Nano CX SE,Tata,2015,110000,45000,Petrol
2536,Volkswagen Polo Diesel Highline 1.2L,Volkswagen,2013,400000,75000,Diesel
2537,Maruti Swift VXI,Maruti,2013,370000,90000,Petrol
2538,Hyundai Verna CRDi ABS,Hyundai,2007,175000,80000,Diesel
2539,Mercedes-Benz E-Class 230,Mercedes-Benz,1998,1000000,35000,Petrol
2540,Maruti Alto 800 LXI,Maruti,2013,92800,25000,Petrol
2541,Tata Xenon XT EX 4X2,Tata,2014,291000,90000,Diesel
2542,Hyundai Verna 1.6 SX CRDi (O),Hyundai,2013,335000,110000,Diesel
2543,Maruti Omni 8 Seater BSIV,Maruti,2013,170000,35000,Petrol
2544,Maruti Alto 800 LXI,Maruti,2019,295000,10000,Petrol
2545,Renault KWID RXL,Renault,2019,375000,10000,Petrol
2546,Hyundai EON Era Plus,Hyundai,2012,215000,70000,Petrol
2547,Ford Fiesta 1.4 ZXi TDCi ABS,Ford,2009,150000,110000,Diesel
2548,Maruti Alto LXI,Maruti,2003,60000,5000,Petrol
2549,Tata New Safari Dicor EX 4X2 BS IV,Tata,2012,280000,110000,Diesel
2550,Toyota Etios VD,Toyota,2016,450000,50000,Diesel
2551,Mahindra XUV500 W7,Mahindra,2018,1150000,58000,Diesel
2552,Maruti Baleno Delta 1.3,Maruti,2018,650000,15000,Diesel
2553,Tata Zest Revotron 1.2T XE,Tata,2015,300000,60000,Petrol
2554,Tata Nano Twist XT,Tata,2015,73000,57000,Petrol
2555,Maruti Swift VDI BSIV,Maruti,2015,400000,87000,Diesel
2556,Renault KWID 1.0 RXT Optional,Renault,2017,300000,70000,Petrol
2557,Maruti Wagon R AX,Maruti,2012,300000,30000,Petrol
2558,Maruti Swift Dzire VDI,Maruti,2012,450000,80000,Diesel
2559,Hyundai Santro Xing GLS,Hyundai,2009,200000,100000,Petrol
2560,Maruti Swift VXI,Maruti,2019,580000,40000,Petrol
2561,Hyundai Grand i10 1.2 Kappa Asta,Hyundai,2017,550000,3917,Petrol
2562,Mahindra Scorpio SLX 2.6 Turbo 8 Str,Mahindra,2007,190000,160000,Diesel
2563,Tata Tiago 1.05 Revotorq XT Option,Tata,2017,450000,35000,Diesel
2564,Chevrolet Spark 1.0 LS,Chevrolet,2014,220000,70000,Petrol
2565,Maruti SX4 ZXI MT BSIV,Maruti,2012,310000,69069,Petrol
2566,Hyundai Elite i20 Sportz Plus BSIV,Hyundai,2019,650000,13500,Petrol
2567,Maruti Wagon R Stingray VXI,Maruti,2014,300000,59059,Petrol
2568,Hyundai Accent Executive,Hyundai,2013,200000,70000,Petrol
2569,Honda Brio S MT,Honda,2012,285000,39039,Petrol
2570,Honda Brio Exclusive Edition,Honda,2014,335000,33033,Petrol
2571,Hyundai Verna Transform SX VTVT,Hyundai,2011,370000,55168,Petrol
2572,Hyundai i20 1.2 Sportz,Hyundai,2013,375000,41041,Petrol
2573,Hyundai i10 Magna,Hyundai,2009,235000,67067,Petrol
2574,Hyundai i10 Sportz 1.2 AT,Hyundai,2013,345000,66066,Petrol
2575,Mahindra Quanto C8,Mahindra,2013,365000,82082,Diesel
2576,Hyundai Grand i10 Sportz,Hyundai,2014,400000,48000,Petrol
2577,Hyundai EON D Lite Plus,Hyundai,2015,250000,30000,Petrol
2578,Hyundai Verna SX CRDi AT,Hyundai,2012,465000,70070,Diesel
2579,Renault KWID RXT,Renault,2017,300000,10000,Petrol
2580,Maruti Swift Dzire ZXI 1.2 BS IV,Maruti,2018,655000,25000,Petrol
2581,Maruti Wagon R LXI CNG,Maruti,2016,350000,30000,CNG
2582,Hyundai i10 Sportz 1.2 AT,Hyundai,2015,500000,50000,Petrol
2583,Hyundai Grand i10 AT Asta,Hyundai,2015,465000,63063,Petrol
2584,Maruti Swift VDi BSIII W/ ABS,Maruti,2008,263000,70000,Diesel
2585,Maruti Omni MPI STD BSIV,Maruti,2012,250000,90000,Petrol
2586,Hyundai Accent GLE 1,Hyundai,1999,60000,90000,Petrol
2587,Hyundai Getz GLX,Hyundai,2005,70000,90000,Petrol
2588,Honda WR-V i-DTEC VX,Honda,2017,650000,140000,Diesel
2589,Hyundai i20 Asta 1.4 CRDi,Hyundai,2014,370000,80000,Diesel
2590,Maruti Swift VDI Optional,Maruti,2016,509999,40000,Diesel
2591,Maruti Zen Estilo VXI BSIV,Maruti,2011,280000,33000,Petrol
2592,Maruti A-Star Vxi,Maruti,2010,180000,40000,Petrol
2593,Ford Ecosport 1.5 Petrol Ambiente,Ford,2017,650000,6000,Petrol
2594,Hyundai Verna SX Diesel,Hyundai,2010,200000,78000,Diesel
2595,Hyundai Verna SX Diesel,Hyundai,2011,210000,72000,Diesel
2596,Tata Nano Cx BSIV,Tata,2011,75000,9528,Petrol
2597,Toyota Innova 2.5 G (Diesel) 8 Seater,Toyota,2011,450000,135200,Diesel
2598,Hyundai i20 1.2 Sportz,Hyundai,2011,220000,58000,Petrol
2599,Hyundai i20 Magna 1.4 CRDi (Diesel),Hyundai,2013,325000,78000,Diesel
2600,Tata Zest Revotron 1.2T XE,Tata,2018,450000,45000,Petrol
2601,Ford EcoSport 1.5 Diesel Titanium Plus BSIV,Ford,2017,825000,35000,Diesel
2602,Hyundai Accent GLS,Hyundai,2007,125000,76000,Petrol
2603,Mahindra Xylo D2 BS IV,Mahindra,2015,434999,100000,Diesel
2604,Mahindra Scorpio SLE BSIV,Mahindra,2011,484999,99000,Diesel
2605,Maruti Ritz VDi,Maruti,2009,175000,80000,Diesel
2606,Honda Civic 1.8 S MT,Honda,2006,220000,120000,Petrol
2607,Honda BR-V i-VTEC VX MT,Honda,2020,1250000,1100,Petrol
2608,Maruti Omni E MPI STD BS IV,Maruti,2017,215000,34000,Petrol
2609,Mahindra XUV500 W6 2WD,Mahindra,2014,625000,68000,Diesel
2610,Ford EcoSport 1.5 Diesel Titanium BSIV,Ford,2018,615000,15000,Diesel
2611,Chevrolet Beat Diesel PS,Chevrolet,2012,130000,58000,Diesel
2612,Tata Indigo CS eLX BS IV,Tata,2013,175000,50300,Diesel
2613,Tata Indigo CR4,Tata,2011,150000,70000,Diesel
2614,Tata Indica Vista TDI LS,Tata,2011,195000,60000,Diesel
2615,Maruti Ertiga 1.5 VDI,Maruti,2020,550000,90000,Diesel
2616,Isuzu D-Max V-Cross Standard,Isuzu,2018,1500000,40000,Diesel
2617,Skoda Superb 1.8 TFSI MT,Skoda,2010,400000,80000,Petrol
2618,Nissan Kicks XV Premium D BSIV,Nissan,2019,1350000,15000,Diesel
2619,Maruti Swift 1.2 DLX,Maruti,2015,217000,45000,Petrol
2620,Maruti Swift VDI BSIV,Maruti,2011,290000,130000,Diesel
2621,Mahindra Bolero Power Plus SLX,Mahindra,2018,700000,80000,Diesel
2622,Maruti Alto 800 Base,Maruti,2014,175000,40000,Petrol
2623,Volkswagen Ameo 1.5 TDI Highline 16 Alloy,Volkswagen,2017,575000,80000,Diesel
2624,Maruti Ritz LDi,Maruti,2016,380000,100000,Diesel
2625,Mahindra Xylo D4 BSIV,Mahindra,2013,350000,151624,Diesel
2626,Renault Duster 85PS Diesel RxL Optional,Renault,2012,450000,160000,Diesel
2627,Hyundai Santro AT CNG,Hyundai,2005,130000,110000,CNG
2628,Maruti Swift VDI BSIV,Maruti,2015,320000,74820,Diesel
2629,Mahindra XUV500 W6 2WD,Mahindra,2014,550000,82000,Diesel
2630,Maruti Wagon R VXI BS IV,Maruti,2015,370000,50000,Petrol
2631,Chevrolet Beat LT,Chevrolet,2010,114999,70000,Petrol
2632,Ford Ecosport Sports Petrol,Ford,2020,1100000,1000,Petrol
2633,Hyundai Tucson CRDi,Hyundai,2006,170000,170000,Diesel
2634,Tata Indigo TDI,Tata,2008,80000,150000,Diesel
2635,Ford EcoSport 1.5 Diesel Titanium BSIV,Ford,2019,950000,17000,Diesel
2636,Maruti Swift Dzire VDI,Maruti,2014,425000,150000,Diesel
2637,Hyundai i20 Asta Option 1.4 CRDi,Hyundai,2015,500000,80000,Diesel
2638,Hyundai Santro Xing XG eRLX Euro III,Hyundai,2005,70000,170000,Petrol
2639,Honda Amaze S i-Dtech,Honda,2013,349000,120000,Diesel
2640,Hyundai i20 1.2 Sportz,Hyundai,2012,330000,90000,Petrol
2641,Hyundai Santro Xing GLS,Hyundai,2010,120000,90000,Petrol
2642,Hyundai Verna 1.6 SX CRDi (O),Hyundai,2013,430000,100000,Diesel
2643,Maruti Swift VDI BSIV,Maruti,2014,390000,90000,Diesel
2644,Nissan Micra Diesel XV Primo,Nissan,2012,225000,129000,Diesel
2645,Mahindra Scorpio VLS AT 2.2 mHAWK,Mahindra,2010,350000,186000,Diesel
2646,Tata Sumo LX,Tata,2009,100000,66778,Diesel
2647,Hyundai EON Era Plus,Hyundai,2014,190000,50000,Petrol
2648,Hyundai i20 Sportz 1.4 CRDi,Hyundai,2014,315000,110000,Diesel
2649,Hyundai Grand i10 CRDi Magna,Hyundai,2015,300000,60000,Diesel
2650,Renault KWID RXT,Renault,2016,280000,40000,Petrol
2651,Tata Tiago 1.2 Revotron XZ,Tata,2018,539000,10000,Petrol
2652,Maruti Celerio ZXI,Maruti,2017,420000,50000,Petrol
2653,Maruti Omni E 8 Str STD,Maruti,2001,85000,70000,Petrol
2654,OpelCorsa 1.6Gls,OpelCorsa,2004,142000,73000,Petrol
2655,Hyundai EON D Lite,Hyundai,2014,180000,76000,Petrol
2656,Chevrolet Tavera Neo 3 Max 9 Str BSIII,Chevrolet,2014,400000,120000,Diesel
2657,Mahindra Scorpio VLX 2WD ABS AT BSIII,Mahindra,2009,360000,170000,Diesel
2658,Hyundai Santro Xing XG,Hyundai,2003,85000,110000,Petrol
2659,Honda Brio 1.2 S MT,Honda,2016,350000,63400,Petrol
2660,Datsun GO Plus T BSIV,Datsun,2015,380000,25000,Petrol
2661,Hyundai i10 Era,Hyundai,2009,140000,80000,Petrol
2662,Maruti Wagon R VXI BS IV,Maruti,2012,200000,90000,Petrol
2663,Hyundai Santro Xing GL,Hyundai,2011,150000,157000,Petrol
2664,Mahindra Bolero SLX 2WD,Mahindra,2007,300000,100000,Diesel
2665,Renault KWID RXT,Renault,2017,280000,50000,Petrol
2666,Maruti Alto K10 2010-2014 VXI,Maruti,2011,200000,40000,Petrol
2667,Chevrolet Aveo U-VA 1.2 LT WO ABS Airbag,Chevrolet,2009,110000,38500,Petrol
2668,Hyundai i10 Magna,Hyundai,2008,140000,103921,Petrol
2669,Honda City i-VTEC VX,Honda,2018,1150000,14825,Petrol
2670,Honda BR-V i-DTEC VX MT,Honda,2016,910000,43377,Diesel
2671,Ford Figo Diesel Titanium,Ford,2010,160000,102307,Diesel
2672,Maruti Zen LX,Maruti,2004,105000,79000,Petrol
2673,Maruti Wagon R LXI,Maruti,2004,70000,90000,Petrol
2674,Chevrolet Beat Diesel,Chevrolet,2012,160000,110000,Diesel
2675,Chevrolet Sail Hatchback LT ABS,Chevrolet,2013,225000,80000,Diesel
2676,Honda City 1.3 EXI,Honda,2002,145000,100000,Petrol
2677,Ford EcoSport 1.5 Diesel Titanium Plus BSIV,Ford,2018,930000,20000,Diesel
2678,Hyundai Getz 1.5 CRDi GVS,Hyundai,2008,110000,154000,Diesel
2679,Renault Lodgy Stepway 85PS RXZ 8S,Renault,2017,650000,40000,Diesel
2680,Maruti Swift VXI,Maruti,2019,550000,51000,Petrol
2681,Maruti Alto LX BSIII,Maruti,2008,85000,120000,Petrol
2682,Toyota Etios 1.5 V,Toyota,2016,509999,35000,Petrol
2683,Maruti Baleno Alpha 1.3,Maruti,2017,650000,70000,Diesel
2684,Chevrolet Spark 1.0 LS,Chevrolet,2011,140000,60000,Petrol
2685,Maruti Alto LXi,Maruti,2011,150000,70000,Petrol
2686,Datsun GO Plus A Option Petrol,Datsun,2018,450000,10000,Petrol
2687,Hyundai Accent CRDi,Hyundai,2006,170000,245244,Diesel
2688,Renault KWID 1.0 RXT Optional,Renault,2017,400000,60000,Petrol
2689,Tata Tiago 1.2 Revotron XE,Tata,2016,300000,30000,Petrol
2690,Maruti Alto 800 Base,Maruti,2012,250000,8000,Petrol
2691,Tata Tigor 1.2 Revotron XM,Tata,2019,500000,10000,Petrol
2692,Hyundai Accent CRDi,Hyundai,2002,85000,100000,Diesel
2693,Nissan Sunny Diesel XL,Nissan,2012,300000,110000,Diesel
2694,Mahindra XUV500 AT W8 FWD,Mahindra,2015,740000,45000,Diesel
2695,Hyundai Santro Xing XG,Hyundai,2005,70000,68500,Petrol
2696,Hyundai Santro Sportz AMT,Hyundai,2019,484999,5007,Petrol
2697,Nissan Micra Active XV S,Nissan,2013,164000,30000,Petrol
2698,Honda City 1.5 V AT,Honda,2008,140000,70000,Petrol
2699,Mercedes-Benz E-Class E250 CDI Elegance,Mercedes-Benz,2011,999000,49600,Diesel
2700,Maruti Alto LXI,Maruti,2005,56000,23000,Petrol
2701,BMW 7 Series 730Ld,BMW,2006,1050000,30000,Diesel
2702,Hyundai Verna 1.6 VTVT,Hyundai,2010,190000,38000,Petrol
2703,Audi Q5 3.0 TDI Quattro Technology,Audi,2018,3899000,22000,Diesel
2704,Hyundai i10 Sportz 1.2,Hyundai,2011,235000,43100,Petrol
2705,Datsun GO Plus T,Datsun,2017,350000,10171,Petrol
2706,Renault Duster 110PS Diesel RxL,Renault,2015,465000,41123,Diesel
2707,Toyota Camry Hybrid 2.5,Toyota,2017,1900000,20118,Petrol
2708,Honda City i DTec SV,Honda,2014,450000,40000,Diesel
2709,Volkswagen Jetta 2.0L TDI Highline,Volkswagen,2015,790000,52517,Diesel
2710,Mahindra Marazzo M2 8Str,Mahindra,2019,900000,20000,Diesel
2711,Ford Ecosport 1.5 DV5 MT Titanium Optional,Ford,2014,450000,99117,Diesel
2712,Chevrolet Spark 1.0 LS,Chevrolet,2009,135000,90000,Petrol
2713,Maruti Celerio ZXI MT BSIV,Maruti,2019,425000,3700,Petrol
2714,Tata Indica Vista Terra 1.4 TDI,Tata,2010,100000,80000,Diesel
2715,Ford EcoSport 1.5 TDCi Titanium BSIV,Ford,2015,650000,100000,Diesel
2716,Tata Indica Vista Aqua 1.4 TDI,Tata,2011,90000,54000,Diesel
2717,Hyundai EON Era Plus,Hyundai,2017,250000,19000,Petrol
2718,Maruti Swift Dzire VDI,Maruti,2014,300000,120000,Diesel
2719,Maruti Wagon R VXI BS IV,Maruti,2014,275000,30000,Petrol
2720,Honda BRV i-VTEC V MT,Honda,2017,600000,43500,Petrol
2721,Renault KWID RXT,Renault,2016,270000,60000,Petrol
2722,Renault KWID RXT Optional,Renault,2016,240000,70000,Petrol
2723,Renault KWID 1.0 RXT Optional,Renault,2016,350000,20000,Petrol
2724,Maruti Omni 5 Str STD,Maruti,1998,65000,60000,Petrol
2725,Maruti Swift Dzire VDI,Maruti,2015,650000,58000,Diesel
2726,Maruti Wagon R LX BS IV,Maruti,2014,350000,40000,Petrol
2727,Maruti Wagon R LXI,Maruti,2005,75000,70000,Petrol
2728,Hyundai i20 Asta (o) 1.4 CRDi (Diesel),Hyundai,2012,440000,70000,Diesel
2729,Hyundai Santro Xing GLS,Hyundai,2013,270000,60000,Petrol
2730,Toyota Innova 2.5 V Diesel 7-seater,Toyota,2014,1150000,135000,Diesel
2731,Maruti Omni 8 Seater BSII,Maruti,2015,238000,70000,Petrol
2732,Mercedes-Benz B Class B180 Sports,Mercedes-Benz,2013,1100000,40000,Petrol
2733,Mahindra XUV500 W10 2WD,Mahindra,2015,1200000,75000,Diesel
2734,Skoda Fabia 1.2L Diesel Ambiente,Skoda,2010,260000,150000,Diesel
2735,Toyota Etios VD,Toyota,2012,350000,140000,Diesel
2736,Toyota Etios Liva VD,Toyota,2015,480000,70000,Diesel
2737,Toyota Etios Liva GD,Toyota,2012,345000,137250,Diesel
2738,Mahindra Scorpio M2DI,Mahindra,2013,500000,110000,Diesel
2739,Hyundai Grand i10 Asta Option,Hyundai,2017,595000,27000,Petrol
2740,Hyundai Verna CRDi 1.6 SX Option,Hyundai,2019,1295000,9000,Diesel
2741,Volkswagen Vento 1.5 TDI Highline BSIV,Volkswagen,2019,1350000,5400,Diesel
2742,Renault KWID Climber 1.0 MT Opt BSIV,Renault,2020,541000,1000,Petrol
2743,Hyundai Santro Asta,Hyundai,2018,515000,16000,Petrol
2744,Ford Figo Aspire Titanium Plus Diesel,Ford,2019,894999,13000,Diesel
2745,Renault Pulse RxZ Optional,Renault,2012,325000,47000,Diesel
2746,Maruti Ciaz 1.4 Alpha,Maruti,2018,925000,22000,Petrol
2747,Nissan Terrano XL P,Nissan,2017,844999,30000,Petrol
2748,Maruti Ciaz 1.4 Alpha,Maruti,2018,925000,20000,Petrol
2749,Tata Manza Club Class Quadrajet90 LX,Tata,2013,300000,60000,Diesel
2750,Toyota Camry M/t,Toyota,2008,650000,75000,Petrol
2751,Maruti Alto K10 LXI,Maruti,2010,175000,64000,Petrol
2752,Maruti SX4 S Cross DDiS 320 Delta,Maruti,2015,325000,80000,Diesel
2753,Renault Duster 85PS Diesel RxZ,Renault,2017,600000,90000,Diesel
2754,Maruti Swift ZXI Plus,Maruti,2018,700000,30000,Petrol
2755,Toyota Corolla H3,Toyota,2003,95000,120000,Petrol
2756,Maruti Celerio ZXI,Maruti,2019,490000,20000,Petrol
2757,Tata Safari DICOR 2.2 EX 4x2,Tata,2013,380000,100000,Diesel
2758,Hyundai Grand i10 1.2 Kappa Sportz Dual Tone,Hyundai,2018,550000,31000,Petrol
2759,Maruti Alto 800 LXI,Maruti,2013,225000,47000,Petrol
2760,Tata Nexon 1.2 Revotron XM,Tata,2018,570000,11200,Petrol
2761,Maruti Alto 800 LXI,Maruti,2018,305000,35000,Petrol
2762,Maruti Wagon R Duo Lxi,Maruti,2010,240000,50000,LPG
2763,Maruti Ertiga SHVS VDI,Maruti,2015,700000,55000,Diesel
2764,Maruti Omni E MPI STD BS IV,Maruti,2018,288000,20000,Petrol
2765,Mahindra Bolero B4,Mahindra,2017,800000,75000,Diesel
2766,Maruti Celerio VXI,Maruti,2017,430000,93000,Petrol
2767,Chevrolet Beat Diesel LT Option,Chevrolet,2009,195000,57000,Diesel
2768,Maruti Eeco Smiles 5 Seater AC,Maruti,2014,325000,30000,Petrol
2769,Renault Duster 85PS Diesel RxE,Renault,2013,450000,73000,Diesel
2770,Maruti Swift Dzire VDI,Maruti,2016,630000,65000,Diesel
2771,Maruti Swift 1.3 VXi,Maruti,2009,250000,62000,Petrol
2772,Hyundai Santro GLS I - Euro II,Hyundai,2007,135000,85000,Petrol
2773,Chevrolet Spark 1.0 PS,Chevrolet,2010,110000,73000,Petrol
2774,Maruti Swift ZDi,Maruti,2012,350000,55000,Diesel
2775,Maruti Omni E MPI STD BS IV,Maruti,2016,240000,5800,Petrol
2776,Toyota Innova 2.5 V Diesel 8-seater,Toyota,2009,350000,350000,Diesel
2777,Maruti Swift ZXI Plus,Maruti,2018,600000,30000,Petrol
2778,Maruti Swift Dzire VDI,Maruti,2018,750000,20000,Diesel
2779,Hyundai EON Era Plus,Hyundai,2018,270000,20000,Petrol
2780,Maruti Alto LXi,Maruti,2007,90000,100000,Petrol
2781,Maruti Wagon R Stingray VXI,Maruti,2013,350000,65000,Petrol
2782,Ford Figo Diesel Celebration Edition,Ford,2013,285000,90000,Diesel
2783,Toyota Innova 2.5 E Diesel MS 7-seater,Toyota,2011,665000,267000,Diesel
2784,Mahindra Scorpio 2.6 CRDe,Mahindra,2005,175000,250000,Diesel
2785,Mahindra Xylo D2,Mahindra,2011,350000,140000,Diesel
2786,Honda City i-VTEC CVT ZX,Honda,2018,1225000,22000,Petrol
2787,Honda Jazz Select Edition Active,Honda,2010,285000,60000,Petrol
2788,Honda City i-VTEC VX,Honda,2018,1000000,28635,Petrol
2789,Honda Amaze VX Diesel BSIV,Honda,2018,780000,32114,Diesel
2790,Maruti Celerio VXI,Maruti,2014,300000,82000,Petrol
2791,Maruti Swift VXI BSIII,Maruti,2006,160000,95149,Petrol
2792,Honda Amaze VX i-VTEC,Honda,2018,625000,68458,Petrol
2793,Maruti Ritz VXi,Maruti,2010,265000,42000,Petrol
2794,Honda City i DTEC V,Honda,2014,515000,90000,Diesel
2795,Hyundai i20 Active 1.4 SX,Hyundai,2016,650000,100000,Diesel
2796,Mahindra TUV 300 T8,Mahindra,2017,650000,80000,Diesel
2797,Hyundai Getz 1.3 GLS,Hyundai,2010,150000,105546,Petrol
2798,Toyota Etios Liva 1.2 V,Toyota,2018,500000,10000,Petrol
2799,Toyota Innova 2.5 GX 7 STR BSIV,Toyota,2012,1000000,80000,Diesel
2800,Hyundai i20 Magna Optional 1.2,Hyundai,2013,340000,35000,Petrol
2801,Toyota Innova 2.5 G (Diesel) 8 Seater,Toyota,2013,1010000,120000,Diesel
2802,Toyota Etios GD,Toyota,2011,350000,120000,Diesel
2803,Maruti Swift VDI BSIV,Maruti,2016,595000,70000,Diesel
2804,Mahindra Scorpio VLX 2WD BSIV,Mahindra,2014,700000,130000,Diesel
2805,Renault KWID RXL,Renault,2019,265000,40000,Petrol
2806,Maruti Alto K10 VXI,Maruti,2015,320000,60000,Petrol
2807,Honda City 1.5 S MT,Honda,2011,310000,110000,Petrol
2808,Honda City i DTEC VX,Honda,2014,700000,130000,Diesel
2809,Maruti Alto LXi BSIII,Maruti,2009,130000,80000,Petrol
2810,Maruti Swift Dzire VDi,Maruti,2009,150000,120000,Diesel
2811,Honda Amaze E i-Dtech,Honda,2015,300000,104000,Diesel
2812,Maruti Swift Dzire LXi,Maruti,2011,150000,100000,Petrol
2813,Honda City 1.3 EXI,Honda,2003,120000,132343,Petrol
2814,Hyundai Creta 1.4 CRDi S Plus,Hyundai,2016,950000,90000,Diesel
2815,Maruti Wagon R VXI BS IV,Maruti,2007,100000,60000,Petrol
2816,Honda Jazz 1.5 SV i DTEC,Honda,2015,450000,76000,Diesel
2817,Maruti 800 EX,Maruti,2004,30000,60000,Petrol
2818,Mahindra Renault Logan 1.6 Petrol GLSX,Mahindra,2009,200000,30000,Petrol
2819,Tata Indigo LS,Tata,2010,250000,96000,Diesel
2820,Maruti Alto VXi,Maruti,2015,280000,26134,Petrol
2821,Maruti Ritz VDi,Maruti,2011,260000,52895,Diesel
2822,Hyundai Verna SX Diesel,Hyundai,2013,550000,42324,Diesel
2823,Mahindra XUV500 W10 1.99 mHawk,Mahindra,2016,1044999,65000,Diesel
2824,Mahindra Scorpio EX,Mahindra,2012,550000,60236,Diesel
2825,Maruti Wagon R VXI BS IV,Maruti,2014,210000,70000,Petrol
2826,Mahindra Xylo E8,Mahindra,2009,290000,100000,Diesel
2827,Fiat 500 Lounge,Fiat,2008,250999,110000,Diesel
2828,Renault Triber RXT BSIV,Renault,2019,600000,10300,Petrol
2829,Fiat Grande Punto EVO 1.3 Active,Fiat,2014,270000,120000,Diesel
2830,Tata New Safari 4X4 EX,Tata,2012,550000,142000,Diesel
2831,Mahindra TUV 300 mHAWK100 T8,Mahindra,2017,800000,25000,Diesel
2832,Tata Altroz XE,Tata,2020,500000,5000,Petrol
2833,Hyundai Grand i10 1.2 Kappa Sportz BSIV,Hyundai,2016,396000,28643,Petrol
2834,Honda City i DTEC VX,Honda,2014,600000,50000,Diesel
2835,Maruti Wagon R ZXI 1.2,Maruti,2019,575000,30000,Petrol
2836,Hyundai Santro Sportz BSIV,Hyundai,2020,520000,5000,Petrol
2837,Mahindra XUV500 AT W10 FWD,Mahindra,2018,1400000,30000,Diesel
2838,Maruti Baleno Delta Automatic,Maruti,2018,600000,7600,Petrol
2839,Chevrolet Beat Diesel LS,Chevrolet,2013,195000,47253,Diesel
2840,Maruti Alto K10 VXI AGS,Maruti,2015,281000,4432,Petrol
2841,Tata Indica GLS BS IV,Tata,2010,75000,110000,Petrol
2842,Hyundai Grand i10 Sportz,Hyundai,2014,400000,25000,Petrol
2843,Tata Indica Vista Terra 1.4 TDI,Tata,2009,93000,70000,Diesel
2844,Hyundai i20 Active S Petrol,Hyundai,2016,560000,68523,Petrol
2845,Hyundai EON 1.0 Era Plus,Hyundai,2019,400000,5000,Petrol
2846,Tata Tigor 1.2 Revotron XT,Tata,2018,459999,40000,Petrol
2847,Hyundai Xcent 1.2 CRDi E,Hyundai,2017,450000,43000,Diesel
2848,Maruti Alto Green LXi (CNG),Maruti,2010,88000,80251,CNG
2849,Hyundai i20 1.2 Era,Hyundai,2010,250000,34500,Petrol
2850,Ford Ikon 1.4 ZXi,Ford,2000,22000,42743,Petrol
2851,Chevrolet Beat Diesel LS,Chevrolet,2013,130000,93900,Diesel
2852,Maruti Zen VXi - BS III,Maruti,2004,79000,80000,Petrol
2853,Chevrolet Beat Diesel LS,Chevrolet,2012,120000,110000,Diesel
2854,BMW 7 Series 730Ld,BMW,2011,1700000,100000,Diesel
2855,Chevrolet Optra Magnum 2.0 LT,Chevrolet,2012,300000,25000,Diesel
2856,Maruti A-Star Lxi,Maruti,2009,145000,25000,Petrol
2857,Ford Endeavour 3.2 Titanium AT 4X4,Ford,2019,3200000,20000,Diesel
2858,Chevrolet Spark 1.0 LT,Chevrolet,2013,240000,10000,Petrol
2859,Honda WR-V i-DTEC VX,Honda,2018,700000,30000,Diesel
2860,Hyundai Accent GLX,Hyundai,2010,145000,110000,Petrol
2861,Maruti Ertiga VDI Limited Edition,Maruti,2014,535000,80000,Diesel
2862,Mahindra KUV 100 mFALCON G80 K2 Plus,Mahindra,2016,420000,21000,Petrol
2863,Maruti Alto K10 VXI,Maruti,2016,350000,20000,Petrol
2864,Maruti Swift VDI BSIV,Maruti,2015,550000,32000,Diesel
2865,Mitsubishi Montero 3.2 MT,Mitsubishi,2007,750000,180000,Diesel
2866,Tata Indica Vista Aqua 1.3 Quadrajet ABS BSIV,Tata,2012,198000,70000,Diesel
2867,Hyundai i20 Magna Optional 1.4 CRDi,Hyundai,2013,420000,50000,Diesel
2868,Ford Endeavour 4x2 XLT,Ford,2004,195000,120000,Diesel
2869,Hyundai EON Sportz,Hyundai,2012,150000,55766,Petrol
2870,Nissan Micra XL,Nissan,2011,275000,40000,Petrol
2871,Maruti 800 Std,Maruti,2001,65000,60000,Petrol
2872,Maruti Swift LXi BSIV,Maruti,2008,200000,50000,Petrol
2873,Maruti Swift Dzire VDi,Maruti,2010,250000,110000,Diesel
2874,Tata Indigo TDI,Tata,2013,182000,100000,Diesel
2875,Maruti Zen VX,Maruti,2001,85000,86000,Petrol
2876,Maruti Swift VDI,Maruti,2013,400000,50000,Diesel
2877,Maruti Baleno Delta 1.3,Maruti,2017,650000,20000,Diesel
2878,Hyundai i10 Magna 1.2,Hyundai,2010,400000,50000,Petrol
2879,Tata Manza Aura (ABS) Quadrajet BS IV,Tata,2012,295000,80000,Diesel
2880,Maruti Omni LPG STD BSIV,Maruti,2006,60000,135000,LPG
2881,Maruti Zen D PS,Maruti,2003,110000,120000,Diesel
2882,Fiat Linea 1.3 Multijet Emotion,Fiat,2015,550000,113600,Diesel
2883,Hyundai Santro Xing GLS,Hyundai,2008,190000,70000,Petrol
2884,Ford Aspire Titanium Plus Diesel BSIV,Ford,2018,861999,20000,Diesel
2885,Ford Aspire Titanium Plus BSIV,Ford,2018,782000,14000,Petrol
2886,Ford Freestyle Titanium Plus Diesel BSIV,Ford,2018,836000,26000,Diesel
2887,Honda City i VTEC V,Honda,2016,696000,138925,Petrol
2888,Honda Jazz 1.5 VX i DTEC,Honda,2016,596000,121764,Diesel
2889,Honda Jazz 1.2 VX i VTEC,Honda,2016,612000,105429,Petrol
2890,Maruti Alto 800 LXI,Maruti,2015,114999,35000,Petrol
2891,Tata Bolt Quadrajet XE,Tata,2017,340000,60000,Diesel
2892,Maruti Swift ZXI Plus,Maruti,2020,550000,5000,Petrol
2893,Chevrolet Aveo U-VA 1.2 LT,Chevrolet,2008,114999,70000,Petrol
2894,Maruti Wagon R VXI,Maruti,2000,105000,80000,Petrol
2895,Maruti Vitara Brezza ZDi,Maruti,2019,890000,20000,Diesel
2896,Tata Nexon 1.2 Revotron XZ Plus,Tata,2019,715000,8000,Petrol
2897,Hyundai i20 Asta (o),Hyundai,2014,525000,54000,Petrol
2898,Hyundai i20 Asta 1.2,Hyundai,2014,475000,23122,Petrol
2899,Chevrolet Cruze LT,Chevrolet,2012,349000,44500,Diesel
2900,Volkswagen Polo GTI,Volkswagen,2017,825000,13599,Petrol
2901,Mahindra Scorpio SLE BSIV,Mahindra,2014,550000,100000,Diesel
2902,Maruti Swift 1.3 VXI ABS,Maruti,2006,95000,110000,Petrol
2903,Toyota Innova 2.5 G (Diesel) 7 Seater,Toyota,2014,725000,90000,Diesel
2904,Tata Tigor 1.2 Revotron XZ Option,Tata,2019,670000,17000,Petrol
2905,Maruti Alto LX,Maruti,2008,65000,140000,Petrol
2906,Mahindra Xylo D4,Mahindra,2015,500000,50000,Diesel
2907,Mahindra KUV 100 mFALCON G80 K8 5str,Mahindra,2017,600000,53000,Petrol
2908,Maruti Wagon R VXI Optional,Maruti,2017,350000,70000,Petrol
2909,Chevrolet Beat Diesel LT,Chevrolet,2012,200000,70000,Diesel
2910,Hyundai EON Sportz,Hyundai,2012,150000,80000,Petrol
2911,Maruti Zen D PS,Maruti,2003,75000,110000,Diesel
2912,Honda Amaze EX i-Dtech,Honda,2013,350000,90000,Diesel
2913,Toyota Innova Crysta 2.4 VX MT 8S BSIV,Toyota,2018,1700000,15000,Diesel
2914,BMW X1 sDrive20d,BMW,2011,890000,86000,Diesel
2915,Mahindra Scorpio M2DI,Mahindra,2014,500000,120000,Diesel
2916,Hyundai Elite i20 Sportz Plus Dual Tone BSIV,Hyundai,2019,600000,5200,Petrol
2917,Chevrolet Beat LS,Chevrolet,2010,99000,60000,Petrol
2918,Hyundai i10 Era 1.1 iTech SE,Hyundai,2011,235000,46000,Petrol
2919,Tata Indigo GLX,Tata,2006,75000,40000,Petrol
2920,Honda City i DTEC VX,Honda,2014,600000,90000,Diesel
2921,Hyundai Verna CRDi 1.6 SX,Hyundai,2019,1000000,25000,Diesel
2922,Hyundai Verna 1.6 SX,Hyundai,2012,390000,90000,Diesel
2923,Volkswagen Polo 1.5 TDI Highline,Volkswagen,2015,600000,70000,Diesel
2924,Hyundai i20 1.2 Spotz,Hyundai,2017,600000,70000,Petrol
2925,Hyundai Elite i20 Magna Plus Diesel,Hyundai,2019,730000,35000,Diesel
2926,Hyundai Grand i10 1.2 Kappa Magna AT,Hyundai,2017,450000,12700,Petrol
2927,Maruti Ritz LDi,Maruti,2011,250000,80000,Diesel
2928,Mahindra XUV500 W10 2WD,Mahindra,2018,1400000,20000,Diesel
2929,Renault KWID 1.0 RXT Optional,Renault,2018,300000,20000,Petrol
2930,Ford EcoSport 1.5 Petrol Titanium BSIV,Ford,2017,800000,19000,Petrol
2931,Fiat Grande Punto Active (Diesel),Fiat,2009,125000,95000,Diesel
2932,Volkswagen Polo Diesel Trendline 1.2L,Volkswagen,2012,295000,90000,Diesel
2933,Ford Ecosport 1.0 Ecoboost Platinum Edition BSIV,Ford,2013,650000,45839,Petrol
2934,Chevrolet Aveo 1.4 LS,Chevrolet,2010,200000,74510,Petrol
2935,Chevrolet Aveo U-VA 1.2 LS,Chevrolet,2009,130000,87293,Petrol
2936,Ford Figo Diesel EXI,Ford,2012,250000,156040,Diesel
2937,Ford Endeavour 2.5L 4X2 MT,Ford,2004,400000,93415,Diesel
2938,Ford Aspire Titanium BSIV,Ford,2017,430000,101159,Petrol
2939,Hyundai EON 1.0 Kappa Magna Plus,Hyundai,2015,170000,80000,Petrol
2940,Tata Tiago 2019-2020 XZ,Tata,2019,450000,12000,Petrol
2941,Maruti Swift ZXI,Maruti,2013,350000,90000,Petrol
2942,Chevrolet Spark 1.0 LT,Chevrolet,2011,130000,68519,Petrol
2943,Chevrolet Beat Diesel LS,Chevrolet,2012,180000,55130,Diesel
2944,Ford Ecosport 1.0 Ecoboost Titanium Optional,Ford,2014,475000,65239,Petrol
2945,Volkswagen Polo 1.2 MPI Comfortline,Volkswagen,2015,470000,58182,Petrol
2946,Ford Fiesta Diesel Trend,Ford,2012,200000,91245,Diesel
2947,Mahindra XUV500 W8 2WD,Mahindra,2013,650000,102989,Diesel
2948,Honda City 1.5 E MT,Honda,2010,400000,50000,Petrol
2949,Maruti Zen VXI,Maruti,2000,100000,120000,Petrol
2950,Maruti Swift Dzire VDI,Maruti,2014,409999,90000,Diesel
2951,Maruti Swift VDI BSIV,Maruti,2018,640000,25000,Diesel
2952,Maruti Wagon R LXI Minor,Maruti,2007,160000,80000,Petrol
2953,Maruti Baleno Zeta 1.3,Maruti,2018,750000,70000,Diesel
2954,Mahindra Jeep MM 550 XDB,Mahindra,2002,150000,50000,Diesel
2955,Maruti Alto STD,Maruti,2008,80000,100000,Petrol
2956,Maruti Celerio VDi,Maruti,2016,240000,90000,Diesel
2957,Maruti Esteem Lxi,Maruti,2005,60000,60000,Petrol
2958,Maruti Alto LX,Maruti,2007,70000,120000,Petrol
2959,Volkswagen Jetta 1.9 Highline TDI,Volkswagen,2008,285000,90000,Diesel
2960,Maruti Swift VDI BSIV,Maruti,2015,350000,60000,Diesel
2961,Hyundai i20 Active 1.4 SX with AVN,Hyundai,2015,699000,30000,Diesel
2962,Ford Figo Diesel ZXI,Ford,2011,275000,108000,Diesel
2963,Hyundai i20 1.4 CRDi Magna,Hyundai,2012,350000,160000,Diesel
2964,Maruti Alto LXi BSIII,Maruti,2006,135000,90000,Petrol
2965,Mahindra Xylo E4 8S,Mahindra,2010,325000,120000,Diesel
2966,Mahindra XUV500 W8 2WD,Mahindra,2012,650000,102000,Diesel
2967,Mahindra Bolero SLE,Mahindra,2009,300000,178000,Diesel
2968,Toyota Innova 2.5 VX (Diesel) 8 Seater,Toyota,2014,1200000,200000,Diesel
2969,Ford Fiesta Petrol Trend,Ford,2012,450000,60000,Petrol
2970,Tata Tiago 1.2 Revotron XE,Tata,2019,425000,3000,Petrol
2971,Maruti Alto LXi,Maruti,2006,150000,75118,Petrol
2972,Maruti Ritz LDi,Maruti,2013,290000,140000,Diesel
2973,Hyundai Xcent 1.2 Kappa Base,Hyundai,2014,335000,60000,Petrol
2974,Chevrolet Optra 1.6,Chevrolet,2006,120000,79000,Petrol
2975,Ford Ikon 1.6 ZXI NXt,Ford,2005,20000,25000,Petrol
2976,Tata Indigo LS,Tata,2012,220000,70000,Diesel
2977,Ford Ikon 1.3 Flair,Ford,2005,61000,4637,Petrol
2978,Maruti Swift VDI BSIV,Maruti,2016,620000,70000,Diesel
2979,Maruti Swift Dzire LDIX Limited Edition,Maruti,2014,425000,100000,Diesel
2980,Tata Indica Vista Aqua 1.3 Quadrajet,Tata,2009,85000,120000,Diesel
2981,Maruti Swift 1.3 DLX,Maruti,2015,270000,40000,Diesel
2982,Maruti Swift Vdi BSIII,Maruti,2009,180000,220000,Diesel
2983,Mahindra KUV 100 mFALCON G80 K2,Mahindra,2017,450000,30000,Petrol
2984,Tata New Safari DICOR 2.2 VX 4x4,Tata,2012,450000,42655,Diesel
2985,Renault KWID 1.0 RXL,Renault,2017,250000,43000,Petrol
2986,Toyota Innova 2.5 VX 8 STR BSIV,Toyota,2012,725000,70000,Diesel
2987,Hyundai i20 Magna,Hyundai,2010,250000,55000,Petrol
2988,Fiat Punto 1.3 Active,Fiat,2010,99000,80000,Diesel
2989,Renault KWID 1.0,Renault,2017,350000,55000,Petrol
2990,Hyundai Xcent 1.2 VTVT E Plus,Hyundai,2018,511000,70000,Petrol
2991,Maruti Ritz VDi,Maruti,2012,300000,80000,Diesel
2992,Audi Q5 2.0 TFSI Quattro,Audi,2010,1100000,110000,Petrol
2993,Hyundai i10 Sportz 1.2,Hyundai,2010,125000,60000,Petrol
2994,Tata Tiago 1.2 Revotron XZ,Tata,2018,500000,30000,Petrol
2995,Renault Duster 85PS Diesel RxL,Renault,2013,385000,80000,Diesel
2996,Skoda Rapid 1.6 MPI Elegance,Skoda,2012,350000,90000,Petrol
2997,Maruti 800 Std BSIII,Maruti,2003,60000,50000,Petrol
2998,Hyundai Santro Xing GLS,Hyundai,2012,300000,50000,Petrol
2999,Hyundai i20 1.4 CRDi Asta,Hyundai,2012,400000,70000,Diesel
3000,Ford Ecosport 1.5 DV5 MT Titanium,Ford,2014,550000,110000,Diesel
3001,Nissan Sunny XL,Nissan,2012,300000,80000,Petrol
3002,Maruti Swift VDI,Maruti,2012,250000,156000,Diesel
3003,Toyota Innova 2.5 GX 7 STR,Toyota,2012,800000,180000,Diesel
3004,Maruti Eeco 5 Seater AC BSIV,Maruti,2018,300000,25000,Petrol
3005,Maruti Alto LX,Maruti,2004,80000,120000,Petrol
3006,Mahindra Scorpio S5 BSIV,Mahindra,2020,1200000,11000,Diesel
3007,Renault KWID AMT,Renault,2017,355000,40000,Petrol
3008,Maruti Swift Dzire VDI,Maruti,2015,520000,50000,Diesel
3009,Hyundai Verna 1.6 CRDI,Hyundai,2012,500000,26000,Diesel
3010,Maruti Alto LXi,Maruti,2008,114999,30000,Petrol
3011,Toyota Fortuner 4x2 Manual,Toyota,2014,1800000,50000,Diesel
3012,Mahindra TUV 300 T6 Plus,Mahindra,2018,800000,20000,Diesel
3013,Maruti Alto LXi BSIII,Maruti,2008,105000,30000,Petrol
3014,Maruti Alto LXi,Maruti,2011,135000,78000,Petrol
3015,Maruti Wagon R VXI BS IV,Maruti,2011,170000,40000,Petrol
3016,Hyundai Verna 1.6 SX VTVT,Hyundai,2014,550000,100000,Petrol
3017,Honda City 1.5 V MT,Honda,2009,250000,70000,Petrol
3018,Hyundai Elantra CRDi SX,Hyundai,2014,650000,30000,Diesel
3019,Honda City 1.5 V AT Exclusive,Honda,2008,210000,77000,Petrol
3020,Volkswagen Vento Diesel Highline,Volkswagen,2011,260000,150000,Diesel
3021,Maruti Swift Dzire ZDI,Maruti,2016,750000,69000,Diesel
3022,Toyota Innova Crysta 2.8 GX AT BSIV,Toyota,2016,1350000,120000,Diesel
3023,Maruti Ritz VDi,Maruti,2012,220000,120000,Diesel
3024,Hyundai Getz 1.3 GLS,Hyundai,2008,110000,110000,Petrol
3025,Mahindra XUV500 AT W8 FWD,Mahindra,2017,1230000,70000,Diesel
3026,Mahindra Quanto C6,Mahindra,2013,220000,110000,Diesel
3027,Tata Indigo LX Dicor,Tata,2009,130000,50000,Diesel
3028,Hyundai i20 1.2 Magna,Hyundai,2012,330000,44000,Petrol
3029,Honda City 1.5 S MT,Honda,2010,254999,90000,Petrol
3030,Hyundai Verna 1.6 SX VTVT (O),Hyundai,2014,600000,50000,Petrol
3031,Hyundai i10 Magna,Hyundai,2012,210000,50000,Petrol
3032,Chevrolet Enjoy TCDi LT 7 Seater,Chevrolet,2014,300000,146000,Diesel
3033,Tata Tiago 1.2 Revotron XTA,Tata,2018,426000,15000,Petrol
3034,Maruti Alto K10 VXI,Maruti,2015,265000,60000,Petrol
3035,Hyundai Xcent 1.2 Kappa SX,Hyundai,2016,450000,35000,Petrol
3036,Hyundai Verna 1.6 SX,Hyundai,2012,480000,80000,Diesel
3037,Tata Nano Lx,Tata,2010,40000,90000,Petrol
3038,Honda City 1.5 S MT,Honda,2011,395000,70000,Petrol
3039,Maruti Wagon R VXI BS IV,Maruti,2013,229999,62000,Petrol
3040,Ford Ecosport 1.5 Petrol Titanium Plus AT,Ford,2018,875000,10000,Petrol
3041,Maruti Eeco 5 STR With AC Plus HTR CNG,Maruti,2010,170000,80000,CNG
3042,Hyundai i20 Sportz 1.2,Hyundai,2015,500000,35000,Petrol
3043,Maruti Ignis 1.2 Sigma BSIV,Maruti,2019,450000,40000,Petrol
3044,Maruti Ertiga VDI,Maruti,2012,550000,120000,Diesel
3045,Tata Manza Aura Safire BS IV,Tata,2013,200000,60000,Petrol
3046,Tata Indica GLS BS IV,Tata,2008,80000,90000,Petrol
3047,Tata New Safari DICOR 2.2 EX 4x2,Tata,2010,300000,250000,Diesel
3048,Ford Aspire Titanium Plus Diesel BSIV,Ford,2019,675000,15000,Diesel
3049,Maruti Eeco 7 Seater Standard BSIV,Maruti,2017,260000,30000,Petrol
3050,Maruti Wagon R LXI,Maruti,2001,70000,117000,Petrol
3051,Maruti Alto LX,Maruti,2004,100000,70000,Petrol
3052,Toyota Innova 2.5 VX (Diesel) 7 Seater,Toyota,2012,730000,110000,Diesel
3053,Nissan Terrano XL 85 PS,Nissan,2016,525000,100000,Diesel
3054,Nissan Terrano XL 85 PS,Nissan,2016,525000,105000,Diesel
3055,Toyota Innova 2.5 V Diesel 7-seater,Toyota,2009,550000,182000,Diesel
3056,Toyota Corolla Altis Diesel D4DJ,Toyota,2012,420000,95000,Diesel
3057,Honda Amaze SX i-VTEC,Honda,2015,500000,70000,Petrol
3058,Maruti Wagon R LXI Minor,Maruti,2009,165000,76000,Petrol
3059,Hyundai Verna 1.6 SX,Hyundai,2014,650000,70000,Diesel
3060,Chevrolet Beat Diesel LT,Chevrolet,2013,195000,46000,Diesel
3061,Maruti Zen LX,Maruti,1999,75000,70000,Petrol
3062,Maruti Esteem Lxi - BSIII,Maruti,2006,90000,90000,Petrol
3063,Hyundai Xcent 1.1 CRDi Base,Hyundai,2016,515000,50000,Diesel
3064,Honda Jazz 1.5 VX i DTEC,Honda,2017,700000,24585,Diesel
3065,Maruti Zen LX,Maruti,2001,62000,70000,Petrol
3066,Toyota Etios GD SP,Toyota,2011,220000,110000,Diesel
3067,Hyundai Santro Magna CNG BSIV,Hyundai,2019,520000,10000,CNG
3068,Fiat Linea Emotion,Fiat,2010,170000,100000,Petrol
3069,Ford Figo Diesel Titanium,Ford,2011,190000,110000,Diesel
3070,Ford Figo Diesel Titanium,Ford,2011,150000,100000,Diesel
3071,Maruti Zen Estilo LXI BS IV,Maruti,2009,125000,65000,Petrol
3072,Honda Amaze EX i-Dtech,Honda,2015,290000,40000,Diesel
3073,Maruti Celerio X ZXI BSIV,Maruti,2019,490000,13900,Petrol
3074,Tata Tigor 1.2 Revotron XZ Option,Tata,2017,434999,17563,Petrol
3075,Tata Zest Revotron 1.2T XE,Tata,2016,380000,15000,Petrol
3076,Volkswagen Polo Diesel Trendline 1.2L,Volkswagen,2012,200000,82000,Diesel
3077,Ford Figo 1.5D Trend MT,Ford,2016,495000,40000,Diesel
3078,Toyota Innova 2.5 Z Diesel 7 Seater BS IV,Toyota,2014,894999,173000,Diesel
3079,Mahindra XUV500 W6 2WD,Mahindra,2014,600000,151000,Diesel
3080,Honda Brio S MT,Honda,2015,300000,50000,Petrol
3081,Honda Amaze E i-VTEC,Honda,2017,430000,15000,Petrol
3082,Honda Amaze E i-DTEC,Honda,2017,370000,80000,Diesel
3083,Maruti Baleno Zeta 1.2,Maruti,2019,750000,11000,Petrol
3084,Maruti Alto K10 LXI CNG Optional,Maruti,2016,300000,50000,CNG
3085,BMW X1 sDrive20d,BMW,2012,700000,120000,Diesel
3086,Maruti Wagon R LXI DUO BSIII,Maruti,2007,100000,70000,LPG
3087,Hyundai Grand i10 Sportz,Hyundai,2015,300000,90000,Petrol
3088,Tata Indica Vista Quadrajet VX,Tata,2012,130000,185000,Diesel
3089,Hyundai i20 Asta Option 1.4 CRDi,Hyundai,2016,650000,40000,Diesel
3090,Maruti Swift VDI BSIV,Maruti,2017,509999,25000,Diesel
3091,Toyota Innova 2.5 VX (Diesel) 7 Seater,Toyota,2013,1000000,117780,Diesel
3092,Hyundai Verna CRDi SX,Hyundai,2010,280000,120000,Diesel
3093,Maruti Swift DDiS VDI,Maruti,2017,600000,120000,Diesel
3094,Skoda Rapid 1.6 TDI Ambition,Skoda,2013,210000,120000,Diesel
3095,Audi Q3 2.0 TDI Quattro Premium Plus,Audi,2014,1150000,110000,Diesel
3096,Hyundai EON Magna Plus,Hyundai,2018,245000,30000,Petrol
3097,Hyundai Grand i10 Sportz,Hyundai,2016,375000,25000,Petrol
3098,Mahindra Scorpio 1.99 S10,Mahindra,2015,150000,55000,Diesel
3099,Mahindra XUV500 W10 2WD,Mahindra,2018,1450000,20000,Diesel
3100,Maruti Ertiga VDI,Maruti,2014,500000,100000,Diesel
3101,Maruti Alto LXi,Maruti,2007,75000,40000,Petrol
3102,Hyundai Sonata AT Leather,Hyundai,2006,225000,80000,Petrol
3103,Hyundai Sonata 2.4L AT,Hyundai,2006,275000,80000,Petrol
3104,Mahindra Bolero Power Plus SLX,Mahindra,2018,620000,35000,Diesel
3105,Nissan X-Trail SLX MT,Nissan,2010,600000,110000,Diesel
3106,Mahindra Xylo E8 ABS Airbag BSIV,Mahindra,2011,275000,160000,Diesel
3107,Tata Indigo TDI,Tata,2013,125000,125000,Diesel
3108,Tata Indigo GLS,Tata,2011,80000,62000,Petrol
3109,Nissan Micra Diesel XV,Nissan,2011,199000,120000,Diesel
3110,Nissan Micra XL,Nissan,2016,440000,33000,Petrol
3111,Maruti Swift Dzire LDI,Maruti,2013,250000,80000,Diesel
3112,Hyundai i20 1.4 Sportz,Hyundai,2017,700000,35000,Diesel
3113,Hyundai Grand i10 CRDi Asta Option,Hyundai,2015,450000,50000,Diesel
3114,Maruti Alto 800 Std Optional,Maruti,2019,240000,5000,Petrol
3115,Ford EcoSport 1.5 TDCi Titanium BSIV,Ford,2016,650000,81595,Diesel
3116,Hyundai Getz GLS ABS,Hyundai,2005,71000,22000,Petrol
3117,Maruti Swift VXI Optional,Maruti,2015,400000,40000,Petrol
3118,Maruti Alto LXi BSIII,Maruti,2008,130000,40000,Petrol
3119,Mahindra Scorpio 2.6 CRDe SLE,Mahindra,2013,300000,70000,Diesel
3120,Nissan Kicks XL D BSIV,Nissan,2019,1100000,4000,Diesel
3121,BMW 3 Series 320d Luxury Line,BMW,2015,2200000,24000,Diesel
3122,Honda Amaze VX i-VTEC,Honda,2018,800000,13500,Petrol
3123,Maruti Ritz VDI (ABS) BS IV,Maruti,2013,490000,40000,Diesel
3124,Honda Jazz 1.2 VX i VTEC,Honda,2018,836000,9700,Petrol
3125,Volkswagen Polo Petrol Comfortline 1.2L,Volkswagen,2012,375000,62000,Petrol
3126,Honda BR-V i-DTEC VX MT,Honda,2016,1249000,24000,Diesel
3127,Honda WR-V i-DTEC VX,Honda,2019,1240000,13000,Diesel
3128,Tata Nano Std BSII,Tata,2009,35000,50000,Petrol
3129,Honda BR-V i-VTEC VX MT,Honda,2017,1068000,36000,Petrol
3130,Honda BR-V i-DTEC VX MT,Honda,2017,1189000,40000,Diesel
3131,Hyundai Elite i20 Petrol Asta Option,Hyundai,2018,700000,27000,Petrol
3132,Maruti Alto K10 VXI,Maruti,2016,350000,40000,Petrol
3133,Hyundai i10 Magna 1.2,Hyundai,2009,254999,80000,Petrol
3134,Mahindra Scorpio 2.6 CRDe,Mahindra,2005,229999,221000,Diesel
3135,Hyundai i20 Asta Option 1.4 CRDi,Hyundai,2016,750000,80000,Diesel
3136,Maruti Ritz VDi,Maruti,2012,325000,119000,Diesel
3137,Toyota Innova 2.5 G4 Diesel 7-seater,Toyota,2009,760000,190000,Diesel
3138,Maruti Celerio ZXI AT,Maruti,2017,509999,25000,Petrol
3139,Nissan Micra XL,Nissan,2013,363000,28740,Petrol
3140,Maruti Alto K10 LXI,Maruti,2010,229999,48500,Petrol
3141,Nissan Sunny XL,Nissan,2012,290000,110000,Petrol
3142,Maruti Swift VXI,Maruti,2018,550000,30000,Petrol
3143,Tata Indica Vista TDI LX,Tata,2011,125000,120000,Diesel
3144,Volvo XC60 D5 Inscription,Volvo,2014,2000000,130000,Diesel
3145,Toyota Innova 2.5 G4 Diesel 7-seater,Toyota,2008,350000,140000,Diesel
3146,Hyundai Verna 1.6 SX CRDi (O),Hyundai,2011,390000,90000,Diesel
3147,Maruti Celerio VXI,Maruti,2015,220000,45000,Petrol
3148,Hyundai Santro Xing XG,Hyundai,2005,140000,80000,Petrol
3149,Maruti Wagon R AMT VXI Option,Maruti,2018,370000,15000,Petrol
3150,Maruti Swift Dzire VDI,Maruti,2019,650000,20000,Diesel
3151,Maruti Alto 800 LX,Maruti,2017,280000,37000,Petrol
3152,Maruti Swift Dzire VDI,Maruti,2016,540000,80000,Diesel
3153,Ambassador Classic 2000 Dsz,Ambassador,2002,50000,120000,Diesel
3154,Maruti Ciaz Sigma BSIV,Maruti,2018,800000,20000,Petrol
3155,Ford Figo 1.5D Titanium MT,Ford,2016,515000,25000,Diesel
3156,Hyundai i20 1.2 Magna,Hyundai,2010,220000,96000,Petrol
3157,Chevrolet Spark 1.0 LT Option Pack w/ Airbag,Chevrolet,2013,165000,53000,Petrol
3158,Fiat Linea 1.3 Emotion,Fiat,2010,221000,65000,Diesel
3159,Chevrolet Beat LT,Chevrolet,2015,245000,43000,Petrol
3160,Ford Figo 1.2P Titanium Plus MT,Ford,2012,260000,42000,Petrol
3161,Skoda Superb Elegance 2.0 TDI CR AT,Skoda,2011,550000,73000,Diesel
3162,Hyundai Grand i10 1.2 Kappa Era,Hyundai,2015,434999,29000,Petrol
3163,Tata Safari Storme EX,Tata,2013,450000,95000,Diesel
3164,Chevrolet Sail 1.2 Base,Chevrolet,2014,290000,25000,Petrol
3165,Volkswagen Vento 1.0 TSI Highline Plus,Volkswagen,2011,305000,53000,Petrol
3166,Ford Classic 1.6 Duratec LXI,Ford,2011,265000,20000,Petrol
3167,Honda Brio 1.2 S MT,Honda,2014,325000,57000,Petrol
3168,Chevrolet Cruze LTZ,Chevrolet,2014,550000,52000,Diesel
3169,Maruti Zen Estilo LXI BSIII,Maruti,2008,105000,40000,Petrol
3170,Honda Brio 1.2 S MT,Honda,2012,275000,47000,Petrol
3171,Honda City 1.5 V MT,Honda,2012,434999,47000,Petrol
3172,Hyundai Verna 1.6 CRDi SX,Hyundai,2016,690000,73000,Diesel
3173,Honda Brio V MT,Honda,2012,249000,42000,Petrol
3174,Hyundai EON D Lite Plus,Hyundai,2012,204999,60000,Petrol
3175,Maruti Wagon R VXI Optional,Maruti,2015,190000,120000,Petrol
3176,Maruti Alto LXi,Maruti,2012,150000,50000,Petrol
3177,Maruti Zen LX,Maruti,1999,70000,70000,Petrol
3178,Mahindra Bolero Power Plus SLX,Mahindra,2018,900000,25000,Diesel
3179,Maruti Ertiga ZXI AT Petrol,Maruti,2019,950000,11000,Petrol
3180,Maruti Swift Dzire VXI,Maruti,2013,475000,80000,Petrol
3181,Maruti 800 Std,Maruti,1998,55000,80000,Petrol
3182,Ford Fiesta Titanium 1.5 TDCi,Ford,2013,450000,75000,Diesel
3183,BMW 5 Series 525d Sedan,BMW,2009,1200000,45000,Diesel
3184,Mahindra Bolero SLX,Mahindra,2007,300000,100000,Diesel
3185,Honda City i DTEC E,Honda,2014,350000,60000,Diesel
3186,Tata Indica Vista Quadrajet LS,Tata,2011,229999,160000,Diesel
3187,Hyundai Creta 1.6 Gamma SX Plus,Hyundai,2015,821000,50000,Petrol
3188,Maruti Alto K10 VXI,Maruti,2014,200000,80000,Petrol
3189,Mahindra Scorpio 1.99 S10,Mahindra,2017,1000000,60000,Diesel
3190,Maruti Alto 800 VXI,Maruti,2016,220000,60000,Petrol
3191,Ford Figo Aspire 1.5 TDCi Trend,Ford,2015,459999,148620,Diesel
3192,Maruti SX4 ZDI,Maruti,2012,310000,70000,Diesel
3193,Hyundai Elite i20 Diesel Asta Option,Hyundai,2018,815000,42000,Diesel
3194,Hyundai Verna 1.6 CRDI SX Option,Hyundai,2017,1200000,40000,Diesel
3195,Chevrolet Optra Magnum 2.0 LT,Chevrolet,2011,170000,150000,Diesel
3196,Maruti S-Cross Alpha DDiS 200 SH,Maruti,2017,1000000,30000,Diesel
3197,Hyundai Santro Xing GLS,Hyundai,2010,155000,90000,Petrol
3198,Mahindra TUV 300 T6 Plus,Mahindra,2017,400000,120000,Diesel
3199,Mahindra Quanto C4,Mahindra,2016,400000,80000,Diesel
3200,Tata Indica Vista Aura 1.3 Quadrajet BSIV,Tata,2010,250000,80000,Diesel
3201,Tata Indigo GLX,Tata,2008,150000,50000,Petrol
3202,Hyundai Santro LP zipPlus,Hyundai,2002,80000,70000,Petrol
3203,Volkswagen Vento 1.5 TDI Comfortline AT,Volkswagen,2014,325000,70000,Diesel
3204,Hyundai Elite i20 Sportz Plus CVT BSIV,Hyundai,2019,738000,8000,Petrol
3205,Maruti Alto K10 VXI,Maruti,2016,300000,30000,Petrol
3206,Tata Indica Vista Quadrajet LX,Tata,2012,150000,110000,Diesel
3207,Toyota Innova 2.5 G4 Diesel 7-seater,Toyota,2007,440000,223000,Diesel
3208,Volkswagen Vento IPL II Diesel Trendline,Volkswagen,2011,280000,110000,Diesel
3209,Hyundai Santro GS,Hyundai,2006,100000,120000,Petrol
3210,Maruti Swift VXi BSIV,Maruti,2008,150000,100000,Petrol
3211,Maruti Swift Dzire VDI,Maruti,2014,380000,100000,Diesel
3212,Maruti Alto LX,Maruti,2006,90000,60000,Petrol
3213,Mahindra Scorpio VLS 2.2 mHawk,Mahindra,2008,300000,270000,Diesel
3214,Skoda Fabia 1.2 TDI Active,Skoda,2011,275000,60000,Diesel
3215,Maruti Zen Estilo Sports,Maruti,2009,180000,41090,Petrol
3216,Maruti Swift VDI,Maruti,2012,225000,296823,Diesel
3217,Maruti Alto 800 LXI,Maruti,2014,200000,40000,Petrol
3218,Toyota Corolla Altis G,Toyota,2011,500000,40000,Petrol
3219,Ford Fiesta 1.6 Duratec S,Ford,2010,300000,70000,Petrol
3220,Hyundai Verna 1.6 CRDi SX,Hyundai,2015,765000,80000,Diesel
3221,Maruti Swift Dzire VDI,Maruti,2017,650000,90000,Diesel
3222,Maruti Wagon R VXI Plus Optional,Maruti,2017,380000,19000,Petrol
3223,Maruti Swift Dzire VDI,Maruti,2014,480000,110000,Diesel
3224,Mahindra Jeep MM 540,Mahindra,1996,200000,60000,Diesel
3225,Maruti Zen Estilo LXI Green (CNG),Maruti,2010,145000,68000,CNG
3226,Maruti Ritz VDi,Maruti,2011,280000,120000,Diesel
3227,Maruti Swift Dzire VDI,Maruti,2014,254999,30000,Diesel
3228,Tata Bolt Revotron XE,Tata,2016,300000,90000,Petrol
3229,Maruti Swift VDI BSIV,Maruti,2015,480000,140000,Diesel
3230,Skoda Rapid Monte Carlo 1.6 MPI AT BSIV,Skoda,2017,850000,44500,Petrol
3231,Hyundai i20 Asta 1.4 CRDi,Hyundai,2014,350000,52000,Diesel
3232,Hyundai i20 Active 1.2 SX,Hyundai,2016,650000,26000,Petrol
3233,Tata New Safari 4X2,Tata,2007,550000,80000,Petrol
3234,Maruti Celerio VXI,Maruti,2015,300000,35000,Petrol
3235,Maruti Swift 1.3 VXi,Maruti,2008,150000,60000,Petrol
3236,Hyundai Grand i10 Sportz,Hyundai,2014,300000,120000,Petrol
3237,Hyundai Santro Xing XG,Hyundai,2004,80000,58000,Petrol
3238,Tata Manza ELAN Quadrajet BS IV,Tata,2011,180000,80000,Diesel
3239,Ford Fiesta 1.4 ZXi TDCi ABS,Ford,2009,110000,100000,Diesel
3240,Hyundai Grand i10 Sportz,Hyundai,2015,425000,12000,Petrol
3241,Honda Amaze VX i-DTEC,Honda,2016,700000,35000,Diesel
3242,Maruti Zen Estilo VXI BSIV,Maruti,2010,130000,50000,Petrol
3243,Maruti Swift Dzire ZDI,Maruti,2017,650000,67000,Diesel
3244,Renault Duster Petrol RxL,Renault,2013,400000,100000,Petrol
3245,Mahindra TUV 300 mHAWK100 T8,Mahindra,2017,800000,60000,Diesel
3246,Mahindra Bolero Power Plus SLX,Mahindra,2017,675000,70000,Diesel
3247,Maruti Omni E MPI STD BS IV,Maruti,2017,210000,50000,Petrol
3248,Tata New Safari DICOR 2.2 EX 4x2,Tata,2009,150000,120000,Diesel
3249,Maruti Omni CNG,Maruti,2007,45000,100000,CNG
3250,Hyundai i20 Sportz 1.2,Hyundai,2015,516000,90000,Petrol
3251,Hyundai i20 Sportz 1.2,Hyundai,2014,450000,80000,Petrol
3252,Chevrolet Spark 1.0 LS,Chevrolet,2012,134000,90000,Petrol
3253,Toyota Etios VD,Toyota,2014,509999,157000,Diesel
3254,Volkswagen Polo 1.2 MPI Comfortline,Volkswagen,2016,500000,20000,Petrol
3255,Maruti Zen Estilo 1.1 LXI BSIII,Maruti,2008,130000,80000,Petrol
3256,Maruti Swift ZDi BSIV,Maruti,2015,575000,60000,Diesel
3257,Hyundai Elite i20 Sportz Plus BSIV,Hyundai,2015,550000,49000,Petrol
3258,Tata Indica Vista Terra TDI BSIII,Tata,2009,145000,89255,Diesel
3259,Maruti Alto 800 LXI,Maruti,2020,347000,5000,Petrol
3260,Tata Indica Vista Quadrajet VX,Tata,2013,275000,110000,Diesel
3261,Toyota Innova 2.5 V Diesel 8-seater,Toyota,2010,630000,200000,Diesel
3262,Chevrolet Beat Diesel,Chevrolet,2012,160000,90000,Diesel
3263,Fiat Grande Punto 1.3 Dynamic (Diesel),Fiat,2010,150000,63000,Diesel
3264,Honda Mobilio S i VTEC,Honda,2015,550000,23000,Petrol
3265,Mahindra Quanto C6,Mahindra,2013,349000,100000,Diesel
3266,Mahindra Bolero DI DX 8 Seater,Mahindra,2004,229999,168000,Diesel
3267,Tata Indica Vista Aqua 1.4 TDI,Tata,2008,110000,90000,Diesel
3268,Maruti Wagon R LXI Minor,Maruti,2008,110000,70000,Petrol
3269,Renault KWID RXE,Renault,2018,245000,5550,Petrol
3270,Maruti Alto K10 VXI,Maruti,2014,180000,100000,Petrol
3271,Maruti Wagon R VXI BS IV,Maruti,2014,290000,80000,Petrol
3272,Hyundai i20 Magna,Hyundai,2010,250000,40000,Petrol
3273,Tata Indigo TDI,Tata,2010,150000,100000,Diesel
3274,Maruti 800 AC BSII,Maruti,2004,55000,35000,Petrol
3275,Skoda Laura L n K 1.9 PD,Skoda,2006,500000,75000,Diesel
3276,Mahindra Quanto C4,Mahindra,2013,290000,150000,Diesel
3277,Maruti Alto STD,Maruti,2009,72000,70000,Petrol
3278,Maruti Ritz VDi,Maruti,2014,250000,115000,Diesel
3279,Maruti Swift AMT VXI,Maruti,2019,575000,25000,Petrol
3280,Kia Seltos HTK Plus AT D,Kia,2019,1300000,10000,Diesel
3281,Hyundai Santro Magna BSIV,Hyundai,2019,425000,15000,Petrol
3282,Maruti Eeco CNG 5 Seater AC BSIV,Maruti,2019,470000,10000,CNG
3283,Toyota Etios VX,Toyota,2012,220000,80000,Petrol
3284,Maruti Alto 800 LXI,Maruti,2020,310000,1700,Petrol
3285,Ford Figo 1.5D Trend MT,Ford,2016,400000,45217,Diesel
3286,Hyundai EON Magna Plus,Hyundai,2018,310000,20000,Petrol
3287,Maruti Ciaz ZDi Plus SHVS,Maruti,2017,750000,50000,Diesel
3288,Tata New Safari DICOR 2.2 EX 4x2,Tata,2009,204999,120000,Diesel
3289,Maruti Swift 1.3 VXi,Maruti,2010,260000,50000,Petrol
3290,Maruti Alto LXi,Maruti,2012,180000,40000,Petrol
3291,Mahindra Renault Logan 1.5 DLE Diesel,Mahindra,2007,125000,110000,Diesel
3292,Maruti Swift VDI BSIV,Maruti,2014,420000,155000,Diesel
3293,Maruti Alto K10 LXI,Maruti,2011,220000,70000,Petrol
3294,Maruti Alto K10 2010-2014 VXI,Maruti,2010,200000,70000,Petrol
3295,Ford Ikon 1.4 TDCi DuraTorq,Ford,2009,130000,100000,Diesel
3296,Tata Tiago XT,Tata,2016,335000,41000,Petrol
3297,Ford Endeavour Titanium Plus 4X4,Ford,2017,2650000,60000,Diesel
3298,Ford Endeavour 3.2 Titanium AT 4X4,Ford,2018,2675000,56000,Diesel
3299,Ford Endeavour Titanium Plus 4X4,Ford,2017,2675000,60000,Diesel
3300,Honda City V AT,Honda,2011,434999,97000,Petrol
3301,Honda City i VTEC S,Honda,2014,500000,60000,Petrol
3302,Maruti Alto K10 VXI Airbag,Maruti,2017,290000,60000,Petrol
3303,Ford Ecosport 1.5 Ti VCT AT Titanium,Ford,2014,475000,48000,Petrol
3304,Maruti Swift Dzire VDi,Maruti,2009,270000,190000,Diesel
3305,Hyundai Xcent 1.2 VTVT S,Hyundai,2019,600000,80000,Petrol
3306,Hyundai i20 Asta 1.4 CRDi,Hyundai,2013,300000,70000,Diesel
3307,Volkswagen Jetta 2.0L TDI Comfortline,Volkswagen,2012,415000,80000,Diesel
3308,Maruti Vitara Brezza ZDi Plus AMT,Maruti,2018,800000,30000,Diesel
3309,Hyundai Grand i10 Sportz,Hyundai,2016,420000,44440,Petrol
3310,Hyundai Creta 1.6 CRDi SX Plus,Hyundai,2018,1250000,30000,Diesel
3311,Maruti Swift VDI BSIV,Maruti,2011,270000,120000,Diesel
3312,Hyundai Grand i10 CRDi Sportz,Hyundai,2015,390000,80000,Diesel
3313,Skoda Laura Ambiente 2.0 TDI CR MT,Skoda,2012,400000,110000,Diesel
3314,Ford Fiesta 1.4 ZXi Leather,Ford,2007,100000,170000,Petrol
3315,Audi A6 2.7 TDI,Audi,2010,850000,46000,Diesel
3316,Chevrolet Cruze LTZ AT,Chevrolet,2012,359000,120000,Diesel
3317,Maruti Swift Dzire ZDI,Maruti,2015,470000,91365,Diesel
3318,Maruti Swift Dzire VDI,Maruti,2013,360000,90010,Diesel
3319,Maruti Ertiga VDI,Maruti,2013,250999,80000,Diesel
3320,Tata Nano Lx BSIV,Tata,2012,45000,35000,Petrol
3321,Maruti Wagon R VXI BSII,Maruti,2006,75000,80000,Petrol
3322,Maruti Swift Dzire VDI,Maruti,2013,495000,31800,Diesel
3323,Maruti Wagon R CNG LXI,Maruti,2013,310000,59100,CNG
3324,Honda Jazz 1.2 V i VTEC,Honda,2016,540000,31200,Petrol
3325,Maruti Ciaz VDi Plus SHVS,Maruti,2016,665000,51000,Diesel
3326,Hyundai i20 Magna 1.4 CRDi (Diesel),Hyundai,2013,425000,22700,Diesel
3327,Audi A4 2.0 TDI,Audi,2011,1295000,58000,Diesel
3328,Maruti Ciaz VDI SHVS,Maruti,2016,675000,50900,Diesel
3329,Maruti Vitara Brezza ZDi Plus Dual Tone,Maruti,2018,980000,10000,Diesel
3330,Chevrolet Beat Diesel LS,Chevrolet,2014,320000,60000,Diesel
3331,Maruti Ritz VXI,Maruti,2011,250000,80000,Petrol
3332,Maruti Baleno Zeta 1.3,Maruti,2016,600000,72000,Diesel
3333,Hyundai Xcent 1.2 Kappa S,Hyundai,2016,300000,96000,Petrol
3334,Chevrolet Beat Diesel LS,Chevrolet,2014,305000,66000,Diesel
3335,Maruti Wagon R LXI Minor,Maruti,2009,106000,70000,Petrol
3336,Hyundai Accent GLS 1.6 ABS,Hyundai,2006,90000,75000,Petrol
3337,Tata Tiago 1.2 Revotron XZ,Tata,2019,539000,2417,Petrol
3338,Hyundai EON Era Plus Option,Hyundai,2016,250000,30000,Petrol
3339,Mahindra Scorpio BSIV,Mahindra,2018,707000,60000,Diesel
3340,Hyundai Getz GLS,Hyundai,2007,95000,120000,Petrol
3341,Maruti Eeco CNG 5 Seater AC BSIV,Maruti,2020,495000,7000,CNG
3342,Tata Indigo TDI,Tata,2012,200000,35000,Diesel
3343,Maruti A-Star Vxi,Maruti,2009,110000,110000,Petrol
3344,Maruti Alto LXi,Maruti,2008,100000,130000,Petrol
3345,Maruti Alto 800 LX,Maruti,2016,150000,25000,Petrol
3346,Ford Ikon 1.3 Flair,Ford,2005,50000,80000,Petrol
3347,Chevrolet Aveo 1.4,Chevrolet,2007,85000,70000,Petrol
3348,Hyundai Grand i10 1.2 Kappa Magna BSIV,Hyundai,2018,475000,23000,Petrol
3349,Volkswagen Polo 1.2 MPI Highline,Volkswagen,2014,425000,40000,Petrol
3350,BMW 5 Series 530i,BMW,2006,480000,110000,Petrol
3351,Maruti S-Cross Delta DDiS 200 SH,Maruti,2019,950000,10000,Diesel
3352,Maruti Swift Dzire VDI,Maruti,2015,535000,80000,Diesel
3353,Hyundai Verna CRDi SX ABS,Hyundai,2009,325000,25000,Diesel
3354,Maruti Wagon R Stingray VXI,Maruti,2013,270000,74000,Petrol
3355,Maruti Celerio VXI,Maruti,2015,300000,60000,Petrol
3356,Volkswagen Vento Diesel Trendline,Volkswagen,2011,325000,70000,Diesel
3357,Tata New Safari DICOR 2.2 EX 4x2,Tata,2010,350000,100000,Diesel
3358,Hyundai Verna CRDi SX,Hyundai,2008,229999,146000,Diesel
3359,Maruti Swift Dzire LDi,Maruti,2012,325000,120000,Diesel
3360,Maruti Wagon R LXI,Maruti,2005,70000,70000,Petrol
3361,Skoda Laura Ambiente,Skoda,2008,190000,120000,Diesel
3362,Chevrolet Cruze LTZ,Chevrolet,2011,345000,65500,Diesel
3363,Mahindra Scorpio 1.99 S10,Mahindra,2016,1025000,70000,Diesel
3364,Maruti Alto 800 LXI,Maruti,2012,120000,50000,Petrol
3365,Maruti Alto LXi BSIII,Maruti,2009,114999,90000,Petrol
3366,Honda City 1.5 S MT,Honda,2009,300000,120000,Petrol
3367,Maruti Celerio VXI,Maruti,2016,340000,56000,Petrol
3368,Maruti Wagon R LXI,Maruti,2005,90000,70000,Petrol
3369,Maruti Alto LX,Maruti,2006,150000,140300,Petrol
3370,Maruti Alto K10 2010-2014 VXI,Maruti,2010,115999,70000,Petrol
3371,Maruti Wagon R VXI,Maruti,2016,375000,23000,Petrol
3372,Maruti Zen Estilo LXI BSIII,Maruti,2007,275000,10211,Petrol
3373,Mahindra Scorpio 2.6 SLX Turbo 7 Seater,Mahindra,2005,120000,120000,Diesel
3374,Maruti Celerio ZDi,Maruti,2015,350000,120000,Diesel
3375,Maruti Celerio ZXI,Maruti,2017,409999,35000,Petrol
3376,Hyundai Verna 1.6 SX,Hyundai,2012,500000,130000,Diesel
3377,Nissan Sunny Diesel XL,Nissan,2013,220000,90000,Diesel
3378,Ford Fiesta 1.6 Duratec EXI Ltd,Ford,2008,120000,80000,Petrol
3379,Hyundai Santro Xing XK,Hyundai,2007,70000,55000,Petrol
3380,Maruti Swift Dzire ZXI Plus,Maruti,2017,800000,15000,Petrol
3381,Maruti Swift Dzire VDI,Maruti,2014,450000,260000,Diesel
3382,Mahindra Scorpio SLE BSIV,Mahindra,2012,525000,145000,Diesel
3383,Datsun GO Plus Remix Limited Edition,Datsun,2016,300000,35000,Petrol
3384,Hyundai i10 Magna,Hyundai,2008,195000,56000,Petrol
3385,Ford Fiesta Classic 1.4 SXI Duratorq,Ford,2007,130000,98000,Diesel
3386,Toyota Etios VD,Toyota,2011,300000,135000,Diesel
3387,Maruti Alto VXi,Maruti,2002,120000,60000,Petrol
3388,Toyota Innova 2.5 G3,Toyota,2010,450000,120000,Diesel
3389,Tata Indigo LS,Tata,2010,160000,102000,Diesel
3390,Mahindra Bolero Power Plus Plus AC BSIV PS,Mahindra,2018,800000,35000,Diesel
3391,Maruti 800 AC,Maruti,2013,100000,80000,Petrol
3392,Maruti Alto 800 LXI,Maruti,2015,265000,32933,Petrol
3393,Maruti Wagon R LXI,Maruti,2008,175000,54551,Petrol
3394,Maruti Omni 8 Seater BSIV,Maruti,2014,250999,57112,Petrol
3395,Hyundai Xcent 1.2 VTVT S AT,Hyundai,2015,471000,41025,Petrol
3396,Maruti Swift Dzire LDI,Maruti,2019,650000,5000,Diesel
3397,Hyundai EON Magna,Hyundai,2012,225000,53122,Petrol
3398,Maruti Alto 800 LXI CNG,Maruti,2013,245000,64111,CNG
3399,Maruti Ritz LXi,Maruti,2011,221000,78892,Petrol
3400,Hyundai i20 1.2 Asta,Hyundai,2011,271000,74113,Petrol
3401,Maruti Wagon R VXI,Maruti,2012,290000,80000,Petrol
3402,Maruti Swift VXi BSIV,Maruti,2017,525000,39000,Petrol
3403,Volkswagen Vento 1.6 Highline,Volkswagen,2012,377000,84775,Petrol
3404,Tata Nano LX SE,Tata,2012,95000,20778,Petrol
3405,Maruti Ertiga VDI,Maruti,2015,763000,64441,Diesel
3406,Honda Amaze S i-Vtech,Honda,2015,450000,43192,Petrol
3407,Tata Nano Twist XE,Tata,2014,140000,44416,Petrol
3408,Maruti Ciaz VDi Plus SHVS,Maruti,2016,701000,79991,Diesel
3409,Nissan Micra Diesel XV,Nissan,2011,277000,62601,Diesel
3410,Maruti Baleno Delta Automatic,Maruti,2018,520000,50000,Petrol
3411,Ford Figo Aspire 1.5 TDCi Ambiente ABS,Ford,2017,550000,100000,Diesel
3412,Volkswagen Vento Diesel Highline,Volkswagen,2011,260000,97000,Diesel
3413,Renault Pulse RxZ,Renault,2015,420000,100000,Diesel
3414,OpelCorsa 1.4 GL,OpelCorsa,2002,35000,100000,Petrol
3415,Mahindra XUV500 W7 BSIV,Mahindra,2018,1150000,20000,Diesel
3416,Maruti Ciaz 1.4 Zeta,Maruti,2017,680000,46000,Petrol
3417,Maruti Swift VDI,Maruti,2012,425000,40000,Diesel
3418,Maruti Swift Dzire LDI,Maruti,2014,450000,70000,Diesel
3419,Toyota Innova 2.5 GX (Diesel) 8 Seater BS IV,Toyota,2008,590000,89600,Diesel
3420,Volkswagen Jetta 1.4 TSI Comfortline,Volkswagen,2017,936999,60800,Petrol
3421,Honda Mobilio S i DTEC,Honda,2015,420000,104000,Diesel
3422,Volkswagen Polo 1.5 TDI Highline,Volkswagen,2014,450000,80000,Diesel
3423,Maruti 800 AC,Maruti,2004,40000,69111,Petrol
3424,Toyota Innova 2.5 G (Diesel) 8 Seater,Toyota,2014,520000,70000,Diesel
3425,Maruti 800 AC,Maruti,2007,80000,120000,Petrol
3426,Tata Nano CX,Tata,2014,55000,40000,Petrol
3427,Mahindra Bolero DI DX 7 Seater,Mahindra,2001,80000,100000,Diesel
3428,Maruti Alto 800 LXI,Maruti,2019,210000,20000,Petrol
3429,Tata Tiago 1.05 Revotorq XM,Tata,2017,260000,50000,Diesel
3430,Tata Zest Quadrajet 1.3,Tata,2016,250000,70000,Diesel
3431,Tata Indica Vista Aqua TDI BSIII,Tata,2008,80000,90000,Diesel
3432,Toyota Innova 2.5 GX (Diesel) 7 Seater BS IV,Toyota,2010,450000,150000,Diesel
3433,Toyota Innova 2.5 G (Diesel) 8 Seater BS IV,Toyota,2005,310000,120000,Diesel
3434,Ford Figo Petrol EXI,Ford,2014,350000,90000,Petrol
3435,Maruti SX4 VDI,Maruti,2011,320000,100000,Diesel
3436,Honda Amaze S i-DTEC,Honda,2016,475000,90000,Diesel
3437,Tata Manza Aura (ABS) Quadrajet BS IV,Tata,2011,220000,140000,Diesel
3438,Tata Indica GLS BS IV,Tata,2008,70000,60000,Petrol
3439,Chevrolet Sail Hatchback 1.3 TCDi,Chevrolet,2015,281000,40000,Diesel
3440,Tata Indigo Grand Dicor,Tata,2013,211000,80000,Diesel
3441,Hyundai Elite i20 Petrol Magna Exective,Hyundai,2018,550000,11000,Petrol
3442,Chevrolet Enjoy TCDi LT 8 Seater,Chevrolet,2014,350000,110000,Diesel
3443,Maruti Wagon R VXI AMT,Maruti,2017,420000,19890,Petrol
3444,Renault KWID RXT,Renault,2015,270000,20969,Petrol
3445,Maruti Celerio VXI,Maruti,2016,399000,20194,Petrol
3446,Ford Figo Trend,Ford,2016,440000,34982,Petrol
3447,Hyundai EON Magna,Hyundai,2012,250000,44588,Petrol
3448,Ford Ecosport 1.5 Diesel Titanium,Ford,2016,650000,57904,Diesel
3449,Maruti Alto K10 VXI,Maruti,2015,270000,59258,Petrol
3450,Ford Figo Trend,Ford,2016,390000,60826,Petrol
3451,Mahindra XUV500 W10 2WD,Mahindra,2018,1500000,50000,Diesel
3452,Maruti 800 AC,Maruti,2014,225000,35000,Petrol
3453,Mahindra XUV500 W8 2WD,Mahindra,2015,900000,110000,Diesel
3454,Hyundai Tucson 2.0 e-VGT 2WD AT GL,Hyundai,2018,1600000,40000,Diesel
3455,Tata Nexon 1.2 Revotron XZ Plus Dual Tone,Tata,2019,800000,10000,Petrol
3456,Honda Amaze E i-Dtech,Honda,2013,320000,50000,Diesel
3457,Maruti Alto 800 LXI,Maruti,2016,300000,25000,Petrol
3458,Hyundai i20 1.2 Asta Dual Tone,Hyundai,2018,740000,25000,Petrol
3459,Datsun RediGO SV 1.0,Datsun,2019,350000,1300,Petrol
3460,Datsun GO T BSIV,Datsun,2014,280000,40000,Petrol
3461,Maruti Swift Dzire AMT VDI,Maruti,2018,675000,50000,Diesel
3462,Hyundai i10 Era 1.1 iTech SE,Hyundai,2011,300000,20000,Petrol
3463,Chevrolet Captiva 2.0L VCDi,Chevrolet,2011,400000,76000,Diesel
3464,Mahindra Scorpio VLX 2WD BSIV,Mahindra,2010,420000,100000,Diesel
3465,Tata New Safari 3L Dicor LX 4x2,Tata,2008,300000,120000,Diesel
3466,Maruti Wagon R VXI Minor,Maruti,2010,170000,70000,Petrol
3467,Hyundai EON Era Plus,Hyundai,2014,210000,70000,Petrol
3468,Maruti Ertiga VDI,Maruti,2015,600000,60000,Diesel
3469,Maruti Wagon R VXI BS IV,Maruti,2014,260000,38000,Petrol
3470,Tata Nano Twist XT,Tata,2015,82000,19000,Petrol
3471,Mahindra TUV 300 T8,Mahindra,2016,690000,75000,Diesel
3472,Hyundai Grand i10 CRDi Asta,Hyundai,2015,300000,70000,Diesel
3473,Honda BRV i-DTEC V MT,Honda,2017,1250000,30000,Diesel
3474,Hyundai Verna CRDi 1.6 EX,Hyundai,2017,799000,31707,Diesel
3475,Toyota Fortuner 3.0 Diesel,Toyota,2010,1000000,180000,Diesel
3476,Maruti Alto 800 LXI,Maruti,2014,190000,90000,Petrol
3477,Mahindra Verito 1.5 D2 BSIII,Mahindra,2014,250000,30000,Diesel
3478,Hyundai Verna 1.6 i ABS,Hyundai,2009,200000,60000,Petrol
3479,Mahindra Bolero DI,Mahindra,2005,300000,90000,Diesel
3480,Tata Zest Revotron 1.2T XMS,Tata,2015,250000,120000,Petrol
3481,Maruti 800 AC,Maruti,2008,90000,70000,Petrol
3482,Renault Duster 85PS Diesel RxL,Renault,2016,700000,160000,Diesel
3483,Volvo XC60 D3 Kinetic,Volvo,2012,1750000,115992,Diesel
3484,Maruti Wagon R VXI Optional,Maruti,2017,290000,110000,Petrol
3485,Toyota Innova 2.5 Z Diesel 7 Seater BS IV,Toyota,2014,1050000,97000,Diesel
3486,Tata Indigo LX Dicor,Tata,2008,70000,100000,Diesel
3487,Maruti Swift ZDi BSIV,Maruti,2016,520000,41000,Diesel
3488,Tata Indigo LS,Tata,2012,150000,90000,Diesel
3489,Hyundai i10 Magna 1.1,Hyundai,2008,120000,90000,Petrol
3490,Hyundai i20 Asta Option 1.2,Hyundai,2016,600000,25000,Petrol
3491,Tata Xenon XT EX 4X4,Tata,2010,150000,70000,Diesel
3492,Volkswagen Vento Petrol Highline,Volkswagen,2011,400000,60000,Petrol
3493,Maruti Alto 800 LXI,Maruti,2015,310000,30000,Petrol
3494,Maruti Baleno Alpha 1.2,Maruti,2015,550000,30000,Petrol
3495,Hyundai i20 Asta Option 1.4 CRDi,Hyundai,2016,550000,60000,Diesel
3496,Hyundai Grand i10 CRDi Magna,Hyundai,2013,320000,73000,Diesel
3497,Maruti 800 AC BSII,Maruti,1992,50000,100000,Petrol
3498,Maruti Vitara Brezza VDi Option,Maruti,2017,700000,50000,Diesel
3499,Maruti Ertiga VDI,Maruti,2012,700000,110000,Diesel
3500,Hyundai i20 1.4 Sportz,Hyundai,2017,655000,84000,Diesel
3501,Chevrolet Beat LT LPG,Chevrolet,2011,200000,110000,LPG
3502,Renault Duster 85PS Diesel RxL Optional,Renault,2012,375000,150000,Diesel
3503,Hyundai Verna 1.6 SX,Hyundai,2012,470000,109052,Diesel
3504,Maruti Ciaz VDi,Maruti,2015,550000,90658,Diesel
3505,Honda Amaze VX i-DTEC,Honda,2014,500000,110000,Diesel
3506,Datsun GO T Option BSIV,Datsun,2015,210000,25000,Petrol
3507,Mercedes-Benz E-Class E250 Edition E,Mercedes-Benz,2013,1451000,81000,Diesel
3508,Hyundai Verna SX AT Diesel,Hyundai,2009,245000,75000,Diesel
3509,Honda WR-V i-VTEC VX,Honda,2017,700000,25552,Petrol
3510,Hyundai EON Magna Plus,Hyundai,2018,300000,20000,Petrol
3511,Hyundai Xcent 1.2 CRDi E,Hyundai,2017,350000,80000,Diesel
3512,Hyundai Elite i20 Asta Option CVT BSIV,Hyundai,2017,635000,25000,Petrol
3513,Honda City S,Honda,2012,325000,40700,Petrol
3514,Mahindra XUV500 AT W10 1.99 mHawk,Mahindra,2017,1150000,65500,Diesel
3515,Tata Indigo GLE BSIII,Tata,2008,110000,42000,Petrol
3516,Honda City 1.5 V MT,Honda,2018,890000,8000,Petrol
3517,Maruti Swift 1.3 LXI,Maruti,2007,73000,80000,Petrol
3518,Maruti Ciaz ZXi Plus,Maruti,2016,750000,6000,Petrol
3519,Maruti Baleno Alpha 1.2,Maruti,2018,690000,11174,Petrol
3520,Tata Indigo GLS,Tata,2008,130000,120000,Petrol
3521,Hyundai Santro Xing GLS,Hyundai,2007,85000,85000,Petrol
3522,Hyundai Elantra 2.0 SX AT,Hyundai,2018,1575000,10000,Petrol
3523,Nissan Sunny Diesel XV,Nissan,2013,325000,105000,Diesel
3524,Honda City 1.3 EXI,Honda,1998,85000,120000,Petrol
3525,Hyundai Verna 1.6 CRDI SX Option,Hyundai,2018,860000,30000,Diesel
3526,Maruti S-Cross Sigma DDiS 200 SH,Maruti,2017,690000,41000,Diesel
3527,Hyundai Elantra CRDi S,Hyundai,2013,650000,54000,Diesel
3528,Chevrolet Sail LS ABS,Chevrolet,2014,375000,40000,Diesel
3529,Hyundai Verna 1.6 SX CRDi (O),Hyundai,2013,525000,71000,Diesel
3530,Maruti Eeco Smiles 5 Seater AC,Maruti,2016,330000,72500,Petrol
3531,Maruti Eeco Smiles 5 Seater AC,Maruti,2013,280000,76600,Petrol
3532,Maruti Swift ZXI,Maruti,2014,470000,40000,Petrol
3533,Volkswagen Polo Diesel Trendline 1.2L,Volkswagen,2011,350000,110000,Diesel
3534,Honda City 1.5 V Elegance,Honda,2012,480000,63000,Petrol
3535,Hyundai Verna 1.6 CRDi SX,Hyundai,2016,620000,60000,Diesel
3536,Datsun GO T BSIV,Datsun,2014,250000,58000,Petrol
3537,Chevrolet Spark 1.0,Chevrolet,2010,78692,80000,Petrol
3538,Hyundai i20 Magna Optional 1.4 CRDi,Hyundai,2012,350000,80000,Diesel
3539,Maruti Wagon R LX Minor,Maruti,2013,250000,70000,Petrol
3540,Hyundai i20 1.2 Sportz,Hyundai,2011,260000,97700,Petrol
3541,Honda Mobilio S i DTEC,Honda,2016,640000,36000,Diesel
3542,Tata New Safari DICOR 2.2 EX 4x2,Tata,2008,220000,90000,Diesel
3543,Volkswagen Vento 1.5 TDI Highline,Volkswagen,2015,465000,130000,Diesel
3544,Maruti Swift Vdi BSIII,Maruti,2010,229999,120000,Diesel
3545,Maruti Wagon R VXI BS IV,Maruti,2018,425000,15000,Petrol
3546,Tata Indica GLS BS IV,Tata,2008,95000,120000,Petrol
3547,Hyundai EON LPG Magna Plus,Hyundai,2012,170000,170000,LPG
3548,Datsun RediGO T Option,Datsun,2016,229999,37500,Petrol
3549,Maruti 800 Std,Maruti,1999,45000,50000,Petrol
3550,Maruti Grand Vitara MT,Maruti,2007,479000,145000,Petrol
3551,Hyundai EON Sportz,Hyundai,2016,340000,30000,Petrol
3552,Maruti Swift Dzire ZXI,Maruti,2016,620000,35000,Petrol
3553,Tata Manza Club Class Quadrajet90 EX,Tata,2012,270000,60000,Diesel
3554,Tata Tiago 1.05 Revotorq XZ Plus,Tata,2018,400000,35000,Diesel
3555,Maruti Wagon R VXI Optional,Maruti,2015,260000,40000,Petrol
3556,Hyundai Santro LE zipPlus,Hyundai,2003,48000,50000,Petrol
3557,Tata Nano Twist XE,Tata,2015,100000,23800,Petrol
3558,Nissan Terrano XL Plus 85 PS,Nissan,2015,490000,70000,Diesel
3559,Maruti Wagon R Duo Lxi,Maruti,2010,120000,90000,LPG
3560,Hyundai i10 Era,Hyundai,2008,125000,102000,Petrol
3561,Maruti Alto 800 LXI,Maruti,2019,190000,5000,Petrol
3562,Fiat Linea T Jet Plus,Fiat,2011,500000,20000,Petrol
3563,Toyota Fortuner 4x2 AT,Toyota,2014,1800000,99000,Diesel
3564,Honda Civic 1.8 V MT,Honda,2008,320000,90000,Petrol
3565,Honda Civic 1.8 S AT,Honda,2007,250000,47000,Petrol
3566,Ford Figo Diesel Titanium,Ford,2010,105000,90000,Diesel
3567,Hyundai i20 Active 1.2 SX,Hyundai,2018,550000,20000,Petrol
3568,Hyundai Grand i10 1.2 Kappa Sportz AT,Hyundai,2019,600000,1100,Petrol
3569,Maruti Alto 800 VXI,Maruti,2020,210000,40000,Petrol
3570,Maruti Alto 800 LXI Airbag,Maruti,2012,210000,15000,Petrol
3571,Maruti Alto LXi,Maruti,2009,150000,40000,Petrol
3572,Hyundai i10 Era 1.1,Hyundai,2008,125000,60000,Petrol
3573,Maruti Celerio VXI,Maruti,2016,380000,20000,Petrol
3574,Maruti Baleno Delta 1.2,Maruti,2019,600000,5000,Petrol
3575,Maruti Swift VXI Deca,Maruti,2016,490000,27000,Petrol
3576,Maruti Swift Dzire LDI,Maruti,2018,545000,38000,Diesel
3577,Maruti Wagon R VXI BS IV,Maruti,2015,250000,25000,Petrol
3578,Hyundai Venue SX Opt Turbo BSIV,Hyundai,2020,1050000,1100,Petrol
3579,Maruti Wagon R LX Minor,Maruti,2007,100000,100000,Petrol
3580,Ford Figo Diesel ZXI,Ford,2014,250000,100000,Diesel
3581,Maruti Wagon R LX BSIII,Maruti,2007,100000,110000,Petrol
3582,Ford Figo 1.5D Ambiente ABS MT,Ford,2016,350000,60000,Diesel
3583,Renault Duster 110PS Diesel RxZ Plus,Renault,2012,370000,70000,Diesel
3584,Maruti Zen VXi - BS III,Maruti,2004,121000,110000,Petrol
3585,Ford Figo Aspire 1.5 Ti-VCT Titanium,Ford,2017,570000,44077,Petrol
3586,Maruti Ertiga SHVS VDI,Maruti,2017,785000,24000,Diesel
3587,Maruti Ciaz S 1.3,Maruti,2018,850000,30000,Diesel
3588,Maruti Wagon R VXI BS IV,Maruti,2016,375000,30000,Petrol
3589,Maruti Baleno Alpha 1.2,Maruti,2017,619000,40000,Petrol
3590,Chevrolet Cruze LTZ,Chevrolet,2011,335000,90000,Diesel
3591,Toyota Innova 2.5 G (Diesel) 8 Seater BS IV,Toyota,2006,500000,50000,Diesel
3592,Maruti Wagon R LX,Maruti,2003,60000,100000,Petrol
3593,Mahindra Ingenio CRDe,Mahindra,2015,210000,210000,Diesel
3594,Toyota Innova Crysta 2.4 VX MT 8S BSIV,Toyota,2019,1900000,20000,Diesel
3595,Tata Indigo TDI,Tata,2013,270000,70000,Diesel
3596,Maruti Wagon R LXI Minor,Maruti,2010,225000,100000,Petrol
3597,Maruti SX4 ZXI MT BSIV,Maruti,2011,150000,160000,Petrol
3598,Chevrolet Beat Diesel LT,Chevrolet,2013,173000,70000,Diesel
3599,BMW 5 Series 520d Luxury Line,BMW,2018,4800000,9422,Diesel
3600,Volkswagen Vento 1.5 Highline Plus AT 16 Alloy,Volkswagen,2017,710000,110000,Diesel
3601,Toyota Corolla Altis 1.8 GL,Toyota,2019,1500000,20000,Petrol
3602,Maruti Baleno Zeta 1.2,Maruti,2017,550000,20000,Petrol
3603,Maruti 800 AC BSIII,Maruti,2008,58000,70000,Petrol
3604,Audi A4 1.8 TFSI,Audi,2012,1200000,60000,Petrol
3605,Mahindra Scorpio M2DI,Mahindra,2013,500000,150000,Diesel
3606,Maruti Swift LXi BSIV,Maruti,2009,120000,83000,Petrol
3607,Toyota Innova 2.5 EV Diesel PS 7 Seater BSIII,Toyota,2012,300000,250000,Diesel
3608,Hyundai EON Era Plus,Hyundai,2018,300000,30000,Petrol
3609,Datsun GO Plus T Option BSIV,Datsun,2015,295000,21000,Petrol
3610,Maruti Ertiga VXI CNG,Maruti,2018,587000,80000,CNG
3611,Ambassador Grand 1800 ISZ MPFI PW CL,Ambassador,2012,430000,50000,Petrol
3612,Hyundai Verna i (Petrol),Hyundai,2007,123000,50000,Petrol
3613,Skoda Laura Ambiente 2.0 TDI CR AT,Skoda,2012,450000,48500,Diesel
3614,Maruti Wagon R LXI Minor,Maruti,2007,130000,60000,Petrol
3615,Tata Indica Vista Aqua 1.4 TDI,Tata,2010,110000,90000,Diesel
3616,Mahindra Xylo Celebration Edition BSIV,Mahindra,2010,200000,240000,Diesel
3617,Hyundai Grand i10 Magna,Hyundai,2015,320000,70000,Petrol
3618,Maruti Wagon R LXI BS IV,Maruti,2014,300000,50000,Petrol
3619,Volkswagen CrossPolo 1.2 MPI,Volkswagen,2016,350000,110000,Petrol
3620,Maruti Ertiga VXI Petrol,Maruti,2018,800000,50000,Petrol
3621,Hyundai Xcent 1.1 CRDi S,Hyundai,2016,270000,175000,Diesel
3622,Hyundai i20 1.2 Magna Executive,Hyundai,2017,540000,60000,Petrol
3623,Maruti Wagon R LXI CNG,Maruti,2011,160000,60000,CNG
3624,Maruti SX4 VDI,Maruti,2013,340000,100000,Diesel
3625,Maruti Eeco 5 Seater AC BSIV,Maruti,2017,350000,40000,Petrol
3626,Volkswagen Vento Diesel Style Limited Edition,Volkswagen,2011,300000,100000,Diesel
3627,Maruti Ritz VDi,Maruti,2013,330000,63000,Diesel
3628,Maruti Wagon R LXI CNG,Maruti,2016,325000,80000,CNG
3629,Maruti Swift Dzire VDI,Maruti,2013,250000,55000,Diesel
3630,Maruti Swift Star VDI,Maruti,2013,250000,55000,Diesel
3631,Chevrolet Beat LT Option,Chevrolet,2015,240000,60000,Petrol
3632,Hyundai Grand i10 1.2 Kappa Magna BSIV,Hyundai,2020,545000,5000,Petrol
3633,Hyundai i10 Magna 1.1 iTech SE,Hyundai,2015,300000,48000,Petrol
3634,Renault KWID RXT,Renault,2017,240000,50000,Petrol
3635,Renault KWID 1.0 RXT Optional,Renault,2018,360000,15000,Petrol
3636,Hyundai i20 1.4 CRDi Magna,Hyundai,2012,250000,70000,Diesel
3637,Skoda Laura Elegance 2.0 TDI CR AT,Skoda,2019,475000,105000,Diesel
3638,Hyundai i20 Asta Option 1.4 CRDi,Hyundai,2016,600000,50000,Diesel
3639,Tata Indigo CR4,Tata,2010,150000,80000,Diesel
3640,Ford EcoSport 1.5 Diesel Trend BSIV,Ford,2017,700000,50000,Diesel
3641,Mahindra XUV500 W6 2WD,Mahindra,2016,1290000,5000,Diesel
3642,Maruti Celerio ZXI AMT BSIV,Maruti,2018,500000,10000,Petrol
3643,Hyundai Santro Xing GLS,Hyundai,2012,193000,45000,Petrol
3644,Honda City i VTEC V,Honda,2015,800000,10000,Petrol
3645,Maruti Wagon R LXI Minor,Maruti,2008,150000,50000,Petrol
3646,Maruti 800 AC,Maruti,2002,80000,40000,Petrol
3647,Ford Figo Diesel EXI,Ford,2010,130000,100000,Diesel
3648,Ford Figo Diesel EXI,Ford,2012,280000,80000,Diesel
3649,Mahindra Xylo D2 BS IV,Mahindra,2011,229999,110000,Diesel
3650,Maruti Zen Estilo VXI BSIII,Maruti,2008,80000,120000,Petrol
3651,Tata Nano Cx BSIII,Tata,2010,70000,10000,Petrol
3652,Maruti Ritz VDi,Maruti,2013,240000,60000,Diesel
3653,Mahindra Xylo E8,Mahindra,2010,380000,72000,Diesel
3654,Hyundai Santro Xing XO,Hyundai,2006,80000,110000,Petrol
3655,Hyundai i10 Era,Hyundai,2013,265000,50000,Petrol
3656,Hyundai EON Magna Plus Option,Hyundai,2018,320000,25000,Petrol
3657,Nissan Terrano XL 110 PS,Nissan,2014,500000,120000,Diesel
3658,Hyundai Creta 1.6 CRDi SX Option,Hyundai,2016,1300000,55000,Diesel
3659,Mahindra Scorpio S11 BSIV,Mahindra,2018,1500000,35000,Diesel
3660,Toyota Innova Crysta 2.8 ZX AT BSIV,Toyota,2016,1800000,110000,Diesel
3661,Mahindra XUV500 W6 2WD,Mahindra,2014,600000,80000,Diesel
3662,Tata Tiago 1.2 Revotron XT,Tata,2018,420000,80000,Petrol
3663,Maruti Zen Estilo LXI BS IV,Maruti,2009,140000,120000,Petrol
3664,Skoda Laura Ambiente 2.0 TDI CR MT,Skoda,2010,300000,100000,Diesel
3665,Hyundai Santro Xing XL eRLX Euro III,Hyundai,2006,100000,60000,Petrol
3666,Maruti Alto K10 VXI,Maruti,2017,350000,25000,Petrol
3667,Ford EcoSport 1.5 Ti VCT MT Titanium BE BSIV,Ford,2018,850000,19000,Petrol
3668,Maruti Alto LX,Maruti,2008,140000,54000,Petrol
3669,Ford Aspire Titanium Plus BSIV,Ford,2015,550000,17100,Petrol
3670,Hyundai Grand i10 Asta Option AT,Hyundai,2017,525000,19000,Petrol
3671,Ford Ecosport 1.5 DV5 MT Titanium,Ford,2015,470000,146000,Diesel
3672,Ford Endeavour 3.0L 4X4 AT,Ford,2013,900000,98000,Diesel
3673,Ford Endeavour 2.5L 4X2,Ford,2011,500000,224642,Diesel
3674,Maruti Zen LXI,Maruti,1998,80000,120000,Petrol
3675,Mahindra Verito 1.5 D2 BSIII,Mahindra,2011,175000,175000,Diesel
3676,Mahindra XUV500 AT W10 AWD,Mahindra,2017,1350000,15000,Diesel
3677,Renault Duster 110PS Diesel RxZ,Renault,2017,800000,50000,Diesel
3678,Datsun RediGO 1.0 S,Datsun,2017,250000,15000,Petrol
3679,Maruti Ignis 1.2 AMT Alpha BSIV,Maruti,2018,700000,25000,Petrol
3680,Tata Nexon 1.5 Revotorq XM,Tata,2019,800000,25000,Diesel
3681,Mahindra XUV500 W6 2WD,Mahindra,2013,660000,69000,Diesel
3682,Maruti Swift VDI BSIV,Maruti,2015,465000,60000,Diesel
3683,Mahindra Scorpio 2.6 CRDe,Mahindra,2006,180000,222435,Diesel
3684,Maruti Swift Dzire VDI,Maruti,2017,600000,66000,Diesel
3685,Ford Fiesta 1.4 ZXi Duratec,Ford,2010,150000,110000,Petrol
3686,Hyundai Verna 1.6 SX,Hyundai,2014,450000,78000,Diesel
3687,Hyundai Elite i20 Sportz Plus BSIV,Hyundai,2019,721000,10000,Petrol
3688,Maruti Swift 1.2 DLX,Maruti,2018,300000,35000,Petrol
3689,Mahindra Scorpio BSIV,Mahindra,2019,1000000,10000,Diesel
3690,Renault KWID RXT,Renault,2016,300000,40000,Petrol
3691,Mahindra Scorpio LX,Mahindra,2013,450000,120000,Diesel
3692,Maruti Esteem AX,Maruti,1997,79000,70000,Petrol
3693,Ford Figo 1.5D Trend MT,Ford,2017,545000,40000,Diesel
3694,Honda Amaze V Diesel BSIV,Honda,2018,844999,20000,Diesel
3695,Skoda Rapid 1.5 TDI Ambition,Skoda,2016,700000,93000,Diesel
3696,Toyota Etios VD,Toyota,2016,650000,159000,Diesel
3697,Ford Ecosport 1.5 DV5 MT Titanium,Ford,2014,525000,75000,Diesel
3698,Ford Fiesta Classic 1.4 SXI Duratorq,Ford,2006,110000,101100,Diesel
3699,Tata Indica Vista Aqua 1.3 Quadrajet BSIV,Tata,2011,180000,66000,Diesel
3700,Hyundai i10 Era,Hyundai,2012,280000,30000,Petrol
3701,Renault KWID 1.0 RXT Optional,Renault,2019,400000,10000,Petrol
3702,Mahindra XUV500 W8 4WD,Mahindra,2012,625000,126000,Diesel
3703,Volkswagen Vento 1.5 TDI Highline,Volkswagen,2015,535000,70000,Diesel
3704,Maruti Swift VDI Optional,Maruti,2017,459999,50000,Diesel
3705,Mahindra Bolero DI,Mahindra,2010,300000,100000,Diesel
3706,Honda Civic 1.8 V AT,Honda,2007,280000,60000,Petrol
3707,Honda Mobilio V i VTEC,Honda,2014,500000,70000,Petrol
3708,Hyundai Creta 1.6 SX,Hyundai,2019,1200000,1200,Petrol
3709,Hyundai i10 Sportz AT,Hyundai,2011,180000,134444,Petrol
3710,Maruti Alto LXi,Maruti,2009,78000,120000,Petrol
3711,Nissan Micra Diesel XV Premium,Nissan,2011,160000,120000,Diesel
3712,Mahindra Scorpio VLX 2WD AIRBAG BSIV,Mahindra,2014,600000,238000,Diesel
3713,Maruti Wagon R LXI Minor,Maruti,2008,110000,100000,Petrol
3714,Mahindra Bolero SLX 4WD BSIII,Mahindra,2011,450000,110000,Diesel
3715,Mahindra Scorpio S9 BSIV,Mahindra,2019,1350000,35000,Diesel
3716,Honda City 1.3 DX,Honda,2003,120000,165000,Petrol
3717,Honda BR-V i-DTEC VX MT,Honda,2018,1040000,42000,Diesel
3718,Hyundai Grand i10 CRDi Sportz,Hyundai,2014,390000,70000,Diesel
3719,Tata Nano Lx BSIII,Tata,2011,65000,60000,Petrol
3720,Volkswagen Polo Diesel Highline 1.2L,Volkswagen,2013,320000,115000,Diesel
3721,Volkswagen Ameo 1.5 TDI Highline,Volkswagen,2017,720000,70000,Diesel
3722,Maruti Swift ZXI ABS,Maruti,2007,220000,80000,Petrol
3723,Maruti Wagon R LXI BS IV,Maruti,2011,225000,65000,Petrol
3724,Tata Manza Aura (ABS) Quadrajet BS IV,Tata,2010,200000,150000,Diesel
3725,Toyota Etios GD,Toyota,2015,434999,75000,Diesel
3726,Ford Figo Diesel Titanium,Ford,2012,300000,63700,Diesel
3727,Honda Amaze VX i-DTEC,Honda,2018,700000,74800,Diesel
3728,Ford Endeavour 2.5L 4X2 MT,Ford,2009,500000,105000,Diesel
3729,Renault Duster 85PS Diesel RxE,Renault,2016,500000,40000,Diesel
3730,Maruti Ritz LDi,Maruti,2016,400000,90000,Diesel
3731,Toyota Corolla Altis D-4D J,Toyota,2015,825000,75000,Diesel
3732,Maruti Swift Dzire VDI,Maruti,2018,720000,15000,Diesel
3733,Maruti 800 AC Uniq,Maruti,2009,110000,30000,Petrol
3734,Mahindra Scorpio VLX 2WD AIRBAG BSIV,Mahindra,2014,600000,100000,Diesel
3735,Mahindra Scorpio VLX 2WD AT BSIV,Mahindra,2009,275000,155000,Diesel
3736,Land Rover Range Rover Evoque 2.2L Dynamic,Land,2012,2349000,149000,Diesel
3737,Hyundai i20 1.4 Sportz,Hyundai,2017,740000,60000,Diesel
3738,Maruti Baleno Alpha 1.3,Maruti,2017,800000,90000,Diesel
3739,Hyundai Verna CRDi 1.6 SX Option,Hyundai,2019,1100000,100000,Diesel
3740,BMW X1 sDrive20d,BMW,2012,750000,100000,Diesel
3741,Maruti Alto K10 2010-2014 VXI,Maruti,2012,200000,90000,Petrol
3742,Tata Spacio SA 6 Seater,Tata,2009,210000,75000,Diesel
3743,Maruti Swift VDI BSIV,Maruti,2009,270000,120000,Diesel
3744,Toyota Etios 1.4 VXD,Toyota,2016,630000,90000,Diesel
3745,Hyundai Xcent 1.2 Kappa S,Hyundai,2015,375000,55000,Petrol
3746,Mahindra Xylo D2,Mahindra,2010,300000,70000,Diesel
3747,Mahindra Bolero Power Plus SLX,Mahindra,2016,580000,95000,Diesel
3748,Hyundai Verna 1.4 CRDi,Hyundai,2014,550000,50000,Diesel
3749,Maruti Ciaz ZDi Plus SHVS,Maruti,2016,750000,50000,Diesel
3750,Maruti Omni E MPI STD BS IV,Maruti,2014,250000,60516,Petrol
3751,Hyundai Verna 1.6 SX,Hyundai,2012,434999,235000,Diesel
3752,Mercedes-Benz E-Class 280 CDI,Mercedes-Benz,2007,900000,76731,Diesel
3753,Maruti Swift ZDI,Maruti,2016,685000,64000,Diesel
3754,Maruti Swift VDI BSIV,Maruti,2014,540000,65000,Diesel
3755,Honda City i-VTEC CVT ZX,Honda,2018,1165000,13000,Petrol
3756,Ford Ecosport 1.5 DV5 MT Titanium Optional,Ford,2014,610000,77000,Diesel
3757,Hyundai EON Era,Hyundai,2011,254999,24000,Petrol
3758,Nissan Micra Active XV,Nissan,2014,280000,63840,Petrol
3759,Tata Tiago 1.2 Revotron XT,Tata,2017,370000,25000,Petrol
3760,Tata New Safari DICOR 2.2 EX 4x2,Tata,2011,459999,76400,Diesel
3761,Maruti Zen LX,Maruti,1998,42000,70000,Petrol
3762,Fiat Linea Active (Diesel),Fiat,2011,190000,80000,Diesel
3763,Fiat Punto 1.4 Emotion,Fiat,2010,165000,100000,Petrol
3764,Ford EcoSport 1.5 Diesel Trend Plus BSIV,Ford,2017,710000,40000,Diesel
3765,Hyundai Creta 1.6 SX Option,Hyundai,2018,1200000,15000,Petrol
3766,Maruti Zen Estilo LXI BS IV,Maruti,2011,229999,70000,Petrol
3767,Renault KWID RXT,Renault,2018,310000,15000,Petrol
3768,Maruti Wagon R VXI BS IV,Maruti,2015,320000,40000,Petrol
3769,Maruti 800 AC,Maruti,2006,100000,54000,Petrol
3770,Hyundai Verna CRDi,Hyundai,2009,160000,90000,Diesel
3771,Maruti 800 AC BSIII,Maruti,2007,60000,52000,Petrol
3772,Tata Indigo LS,Tata,2012,100000,200000,Diesel
3773,Chevrolet Beat Diesel LT,Chevrolet,2016,350000,35000,Diesel
3774,Renault Duster 110PS Diesel RxZ AWD,Renault,2017,700000,60000,Diesel
3775,Maruti Alto K10 VXI,Maruti,2017,300000,31489,Petrol
3776,Hyundai i20 1.4 Asta Option,Hyundai,2018,830000,40000,Diesel
3777,Hyundai Verna Transform VTVT,Hyundai,2010,229999,70000,Petrol
3778,Hyundai i20 Magna Optional 1.4 CRDi,Hyundai,2013,400000,100000,Diesel
3779,Maruti Gypsy King Hard Top Ambulance BSIV,Maruti,2005,300000,70000,Petrol
3780,Ford Figo Diesel Celebration Edition,Ford,2013,300000,50000,Diesel
3781,Ford Fiesta 1.4 SXi TDCi,Ford,2009,80000,180000,Diesel
3782,Maruti 800 AC,Maruti,2008,80000,50000,Petrol
3783,Maruti Esteem Vxi,Maruti,2007,100000,90000,Petrol
3784,Tata Indica Vista Quadrajet LS,Tata,2012,300000,110000,Diesel
3785,Maruti Baleno Zeta Automatic,Maruti,2018,700000,26000,Petrol
3786,Maruti Vitara Brezza ZDi Plus,Maruti,2016,975000,65000,Diesel
3787,Chevrolet Captiva LT,Chevrolet,2009,500000,130000,Diesel
3788,Renault Duster 85PS Diesel RxL Optional,Renault,2013,550000,75000,Diesel
3789,Nissan Terrano XV Premium 110 PS,Nissan,2014,550000,110000,Diesel
3790,Maruti Alto K10 2010-2014 VXI,Maruti,2014,240000,50000,Petrol
3791,Maruti 800 Std,Maruti,1997,50000,80000,Petrol
3792,Tata Indica Vista Aura 1.2 Safire,Tata,2009,120000,80000,Petrol
3793,Maruti Alto 800 LXI,Maruti,2013,900000,60000,Petrol
3794,Honda City 1.5 V MT,Honda,2009,250000,90000,Petrol
3795,Renault KWID 1.0 RXT Optional,Renault,2017,280000,36000,Petrol
3796,Tata Indica Vista Terra Quadrajet 1.3L BS IV,Tata,2010,85000,87000,Diesel
3797,Tata Indica Vista Terra 1.4 TDI,Tata,2011,90000,80000,Diesel
3798,Chevrolet Enjoy TCDi LT 8 Seater,Chevrolet,2015,500000,50000,Diesel
3799,Maruti 800 Std,Maruti,2013,200000,60000,Petrol
3800,Renault KWID RXT,Renault,2015,250000,50000,Petrol
3801,Maruti Swift Dzire VDI,Maruti,2014,185000,40000,Diesel
3802,Hyundai i10 Magna 1.1,Hyundai,2008,100000,60000,Petrol
3803,Toyota Etios VXD,Toyota,2015,610000,55000,Diesel
3804,Mahindra Quanto C8,Mahindra,2012,290000,80000,Diesel
3805,Mahindra Xylo E9,Mahindra,2012,300000,295000,Diesel
3806,Hyundai EON Era Plus,Hyundai,2015,225000,80000,Petrol
3807,Maruti Alto K10 VXI,Maruti,2017,320000,50000,Petrol
3808,Tata Indigo CR4,Tata,2012,135000,158000,Diesel
3809,Toyota Innova 2.5 G (Diesel) 7 Seater BS IV,Toyota,2006,400000,400000,Diesel
3810,Nissan Sunny XL,Nissan,2016,600000,19495,Petrol
3811,Renault Duster 85PS Diesel RxL Plus,Renault,2013,570000,62668,Diesel
3812,Mahindra XUV500 W6 2WD,Mahindra,2013,850000,85710,Diesel
3813,Ford Figo Diesel EXI,Ford,2011,250000,55130,Diesel
3814,Ford Ecosport 1.5 DV5 MT Titanium,Ford,2014,580000,63356,Diesel
3815,Toyota Fortuner 3.0 Diesel,Toyota,2012,1680000,129627,Diesel
3816,Chevrolet Spark 1.0 LT,Chevrolet,2010,180000,15000,Petrol
3817,Tata Tiago 1.2 Revotron XE,Tata,2017,300000,50000,Petrol
3818,Toyota Etios Liva VX,Toyota,2012,269000,70000,Petrol
3819,Maruti Alto K10 VXI,Maruti,2018,231999,20000,Petrol
3820,Chevrolet Beat LS,Chevrolet,2011,150000,60000,Petrol
3821,Hyundai Grand i10 Asta Option,Hyundai,2017,495000,5000,Petrol
3822,Maruti Ciaz VXi,Maruti,2014,700000,15000,Petrol
3823,Datsun GO Plus T BSIV,Datsun,2018,400000,4400,Petrol
3824,Mahindra Xylo H4,Mahindra,2019,599000,15000,Diesel
3825,Renault Duster 85PS Diesel RxL Optional,Renault,2013,421000,45000,Diesel
3826,Ford EcoSport 1.5 Diesel Trend BSIV,Ford,2018,841000,1000,Diesel
3827,Hyundai i10 Magna 1.1L,Hyundai,2014,295000,38500,Petrol
3828,Hyundai i10 Sportz,Hyundai,2011,220000,25000,Petrol
3829,Ford Classic 1.4 Duratorq LXI,Ford,2013,250000,35000,Diesel
3830,Toyota Fortuner 3.0 Diesel,Toyota,2009,1100000,110000,Diesel
3831,Hyundai Verna 1.6 VTVT,Hyundai,2012,300000,40000,Petrol
3832,Chevrolet Aveo U-VA 1.2,Chevrolet,2007,80000,110000,Petrol
3833,Chevrolet Beat Diesel LT,Chevrolet,2013,215000,20000,Diesel
3834,Hyundai EON Magna Plus,Hyundai,2012,245000,14987,Petrol
3835,Ford EcoSport 1.5 TDCi Titanium BSIV,Ford,2016,650000,25061,Diesel
3836,Ford Ecosport 1.5 Diesel Titanium,Ford,2017,760000,42494,Diesel
3837,Honda Amaze S i-Dtech,Honda,2014,395000,44875,Diesel
3838,Ford Figo Diesel EXI,Ford,2014,280000,89741,Diesel
3839,Honda Jazz 1.5 S i DTEC,Honda,2016,495000,65000,Diesel
3840,Honda Jazz 1.5 VX i DTEC,Honda,2016,525000,35000,Diesel
3841,Toyota Innova 2.5 GX 8 STR BSIV,Toyota,2009,420000,347089,Diesel
3842,Tata New Safari DICOR 2.2 VX 4x2,Tata,2010,210000,34500,Diesel
3843,Hyundai i20 Active 1.2 S,Hyundai,2018,650000,30000,Petrol
3844,BMW 3 Series 320d Luxury Line,BMW,2018,2300000,39000,Diesel
3845,Ford Freestyle Titanium Plus Diesel BSIV,Ford,2019,525000,16000,Diesel
3846,Maruti Wagon R LXI CNG,Maruti,2010,195000,80000,CNG
3847,Maruti Ertiga SHVS VDI,Maruti,2016,650000,60000,Diesel
3848,Mahindra TUV 300 T6 Plus,Mahindra,2015,540000,110000,Diesel
3849,Maruti Alto 800 LXI,Maruti,2014,180000,61000,Petrol
3850,Maruti Ertiga SHVS ZDI Plus,Maruti,2018,980000,50000,Diesel
3851,Fiat Grande Punto EVO 90HP 1.3 Sport,Fiat,2014,250000,90000,Diesel
3852,Hyundai Grand i10 1.2 Kappa Sportz AT,Hyundai,2018,550000,35000,Petrol
3853,Volkswagen Vento 1.6 Highline,Volkswagen,2015,509999,43000,Petrol
3854,Maruti Alto K10 LXI,Maruti,2017,320000,50000,Petrol
3855,Hyundai EON D Lite,Hyundai,2016,275000,25000,Petrol
3856,Mahindra XUV500 W8 2WD,Mahindra,2013,550000,222252,Diesel
3857,Maruti Wagon R VXI Minor,Maruti,2009,145000,50000,Petrol
3858,Fiat Grande Punto Emotion 90Hp,Fiat,2013,250000,80000,Diesel
3859,Hyundai Verna 1.6 SX,Hyundai,2012,520000,35000,Diesel
3860,Maruti Alto LXi,Maruti,2007,95000,85000,Petrol
3861,Toyota Innova 2.5 V Diesel 7-seater,Toyota,2011,725000,110000,Diesel
3862,Maruti 800 AC,Maruti,2006,55000,70000,Petrol
3863,Honda City i DTEC VX,Honda,2014,600000,100000,Diesel
3864,Volkswagen Vento New Diesel Highline,Volkswagen,2013,330000,120000,Diesel
3865,Maruti Swift Dzire VDI,Maruti,2015,470000,89000,Diesel
3866,Maruti Swift ZDi,Maruti,2013,365000,120000,Diesel
3867,Hyundai EON Magna Plus,Hyundai,2013,250000,40000,Petrol
3868,Maruti Wagon R VXI BS IV,Maruti,2017,430000,17000,Petrol
3869,Maruti Swift VDI,Maruti,2013,400000,125000,Diesel
3870,Maruti Swift Dzire ZXI,Maruti,2015,615000,110000,Petrol
3871,Ford Figo Diesel Titanium,Ford,2011,150000,120000,Diesel
3872,Ford Figo Diesel ZXI,Ford,2014,240000,90000,Diesel
3873,Mahindra Scorpio S10 7 Seater,Mahindra,2014,800000,90000,Diesel
3874,Hyundai EON LPG Magna Plus,Hyundai,2015,240000,110000,LPG
3875,Ford Ecosport 1.5 DV5 MT Titanium,Ford,2014,600000,87000,Diesel
3876,Mahindra Scorpio LX,Mahindra,2014,800000,15000,Diesel
3877,Ford Fiesta Classic 1.6 Duratec CLXI,Ford,2012,350000,38000,Petrol
3878,Honda City 1.5 V MT,Honda,2011,300000,64000,Petrol
3879,Tata Sumo Gold EX BSIII,Tata,2015,399000,55250,Diesel
3880,Mahindra Bolero DI,Mahindra,2011,300000,110000,Diesel
3881,Maruti A-Star AT VXI,Maruti,2012,150000,70000,Petrol
3882,Chevrolet Cruze LTZ,Chevrolet,2010,320000,60000,Diesel
3883,Tata Hexa XM,Tata,2018,1280000,17000,Diesel
3884,Renault KWID 1.0 RXT Optional,Renault,2017,300000,13000,Petrol
3885,Nissan Terrano XL Plus ICC WT20 SE,Nissan,2016,1000000,60000,Diesel
3886,Mitsubishi Pajero Sport 4X4,Mitsubishi,2012,1090000,120000,Diesel
3887,Tata New Safari DICOR 2.2 GX 4x2 BS IV,Tata,2012,450000,97000,Diesel
3888,Tata Indica GLS BS IV,Tata,2007,60000,130000,Petrol
3889,Maruti Swift Dzire ZXI,Maruti,2013,500000,50000,Petrol
3890,Tata Indigo CR4,Tata,2012,200000,120000,Diesel
3891,Maruti Alto LXi,Maruti,2006,60000,100000,Petrol
3892,Hyundai Accent Executive CNG,Hyundai,2012,185000,67000,CNG
3893,Maruti Alto K10 VXI,Maruti,2015,155000,60000,Petrol
3894,Maruti Swift VXI,Maruti,2019,600000,5000,Petrol
3895,Renault KWID RXE,Renault,2016,300000,20000,Petrol
3896,Hyundai Creta 1.6 E Plus,Hyundai,2018,850000,12500,Petrol
3897,Maruti Eeco CNG 5 Seater AC BSIV,Maruti,2019,470000,4000,CNG
3898,Ford Figo 1.2P Titanium MT,Ford,2019,600000,25000,Petrol
3899,Toyota Innova 2.5 G (Diesel) 7 Seater,Toyota,2013,700000,70000,Diesel
3900,Maruti Wagon R LXI DUO BSIII,Maruti,2007,70000,162000,LPG
3901,Toyota Fortuner 3.0 Diesel,Toyota,2010,1250000,205000,Diesel
3902,Audi A6 2.8 FSI,Audi,2008,650000,70000,Petrol
3903,Hyundai Xcent 1.2 CRDi S,Hyundai,2018,450000,70000,Diesel
3904,Mahindra XUV500 W8 2WD,Mahindra,2014,750000,100000,Diesel
3905,Toyota Innova 2.5 G (Diesel) 7 Seater,Toyota,2013,775000,70000,Diesel
3906,Hyundai Santa Fe 4X4,Hyundai,2011,800000,220000,Diesel
3907,Honda Amaze E i-Vtech,Honda,2015,360000,80000,Petrol
3908,Toyota Corolla Altis Diesel D4DG,Toyota,2010,250000,120000,Diesel
3909,Jeep Compass 2.0 Longitude Option BSIV,Jeep,2017,1490000,22038,Diesel
3910,Nissan Terrano XL 110 PS,Nissan,2013,600000,80000,Diesel
3911,Maruti Alto LX,Maruti,2010,120000,90000,Petrol
3912,Tata New Safari DICOR 2.2 EX 4x2,Tata,2012,320000,140000,Diesel
3913,Mahindra Thar 4X2,Mahindra,2011,400000,120000,Diesel
3914,Maruti Swift Dzire ZDI,Maruti,2015,302000,60000,Diesel
3915,Maruti Swift Dzire LXI Option,Maruti,2014,150000,60000,Petrol
3916,Tata Indica Vista Aura Plus 1.3 Quadrajet,Tata,2012,200000,90000,Diesel
3917,Maruti Swift Vdi BSIII,Maruti,2008,120000,175000,Diesel
3918,Mahindra XUV500 W7 BSIV,Mahindra,2019,1400000,10000,Diesel
3919,Hyundai i20 1.2 Asta Option,Hyundai,2017,620000,65000,Petrol
3920,Toyota Innova 2.5 GX 8 STR BSIV,Toyota,2012,449000,90000,Diesel
3921,Hyundai Grand i10 1.2 Kappa Sportz BSIV,Hyundai,2018,600000,2500,Petrol
3922,Chevrolet Beat Diesel LT,Chevrolet,2012,250000,40000,Diesel
3923,Maruti Baleno RS 1.0 Petrol,Maruti,2018,550000,63000,Petrol
3924,Skoda Rapid 1.5 TDI Ambition,Skoda,2014,360000,70000,Diesel
3925,Skoda Superb LK 1.8 TSI AT,Skoda,2012,650000,60000,Petrol
3926,Ford Fiesta 1.5 TDCi Titanium,Ford,2012,199000,92000,Diesel
3927,Mahindra Quanto C6,Mahindra,2014,285000,89126,Diesel
3928,Volkswagen Jetta 1.9 TDI Comfortline DSG,Volkswagen,2009,260000,134000,Diesel
3929,Maruti Ciaz 1.4 AT Zeta,Maruti,2019,869999,15000,Petrol
3930,Hyundai Grand i10 1.2 CRDi Magna,Hyundai,2016,425000,42500,Diesel
3931,Chevrolet Cruze LTZ AT,Chevrolet,2012,490000,42000,Diesel
3932,Mahindra XUV500 AT W8 FWD,Mahindra,2015,750000,70000,Diesel
3933,Honda City 1.5 EXI,Honda,2004,125000,110000,Petrol
3934,Fiat Linea 1.3 Emotion,Fiat,2014,221000,131365,Diesel
3935,Volkswagen Vento 1.5 TDI Highline AT,Volkswagen,2016,724000,48980,Diesel
3936,Honda Amaze VX AT i-Vtech,Honda,2014,440000,46000,Petrol
3937,Chevrolet Spark 1.0 LS,Chevrolet,2009,70000,60000,Petrol
3938,Maruti Baleno Delta Diesel,Maruti,2015,511000,58000,Diesel
3939,Maruti S-Cross Alpha DDiS 200 SH,Maruti,2016,790000,22000,Diesel
3940,Hyundai i20 1.2 Asta Option,Hyundai,2017,640000,37000,Petrol
3941,Hyundai Santro Xing GLS,Hyundai,2009,120000,70000,Petrol
3942,Chevrolet Beat Diesel LT,Chevrolet,2012,126000,98900,Diesel
3943,Chevrolet Beat Diesel LT,Chevrolet,2012,120000,125000,Diesel
3944,Mahindra TUV 300 T4 Plus,Mahindra,2017,650000,60000,Diesel
3945,Hyundai Grand i10 Asta,Hyundai,2014,450000,80000,Petrol
3946,Maruti Zen Estilo LXI Green (CNG),Maruti,2010,110000,80000,CNG
3947,Mahindra Bolero Power Plus Plus AC BSIV PS,Mahindra,2017,600000,40000,Diesel
3948,Mahindra XUV500 W8 4WD,Mahindra,2012,620000,80000,Diesel
3949,Ford Ecosport 1.5 DV5 MT Titanium,Ford,2014,600000,30000,Diesel
3950,Mahindra Bolero Power Plus ZLX,Mahindra,2018,795000,35000,Diesel
3951,Tata Winger Deluxe - Hi Roof (AC),Tata,2011,300000,180000,Diesel
3952,Renault Lodgy 85PS RxL,Renault,2015,495000,60000,Diesel
3953,Tata Hexa XTA,Tata,2018,1350000,34000,Diesel
3954,Mahindra Xylo D4,Mahindra,2014,350000,145000,Diesel
3955,Datsun RediGO AMT 1.0 S,Datsun,2018,300000,25000,Petrol
3956,Nissan Sunny XL D,Nissan,2018,500000,70000,Diesel
3957,Audi Q3 35 TDI Quattro Technology,Audi,2017,2575000,36000,Diesel
3958,Honda Brio VX,Honda,2014,345000,58000,Petrol
3959,Tata Indigo CR4,Tata,2013,220000,100000,Diesel
3960,Maruti 800 AC,Maruti,1999,50000,100000,Petrol
3961,Honda Jazz Select Edition,Honda,2017,585000,14000,Petrol
3962,Maruti Swift Dzire AMT VXI,Maruti,2018,625000,13800,Petrol
3963,Hyundai Creta 1.6 SX Automatic,Hyundai,2017,1035000,23000,Petrol
3964,Mahindra Xylo D4,Mahindra,2017,600000,99700,Diesel
3965,Toyota Fortuner 2.8 4WD AT BSIV,Toyota,2019,3100000,5000,Diesel
3966,Honda City i-DTEC SV,Honda,2014,650000,49654,Diesel
3967,Hyundai Grand i10 Asta,Hyundai,2016,550000,45457,Petrol
3968,Hyundai Creta 1.6 CRDi SX,Hyundai,2017,1260000,39221,Diesel
3969,Hyundai i20 Sportz 1.2,Hyundai,2016,660000,48220,Petrol
3970,Hyundai i20 Sportz 1.2,Hyundai,2017,700000,11114,Petrol
3971,Hyundai Getz 1.5 CRDi GVS,Hyundai,2008,235000,60208,Diesel
3972,Volkswagen Vento 1.5 TDI Highline,Volkswagen,2013,475000,80000,Diesel
3973,Mercedes-Benz E-Class 280 CDI Elegance,Mercedes-Benz,2008,795000,98600,Diesel
3974,Audi RS7 2015-2019 Sportback Performance,Audi,2016,8900000,13000,Petrol
3975,Audi Q5 3.0 TDI Quattro Technology,Audi,2015,3200000,30000,Diesel
3976,MG Hector Smart AT,MG,2019,1860000,18000,Petrol
3977,Land Rover Range Rover 4.4 Diesel LWB Vogue SE,Land,2010,4200000,100000,Diesel
3978,Honda City VX CVT,Honda,2015,850000,58000,Petrol
3979,Mahindra Xylo D4,Mahindra,2017,585000,85441,Diesel
3980,Mahindra Verito 1.5 D4 BSIV,Mahindra,2015,380000,64541,Diesel
3981,Maruti Swift Dzire VDI,Maruti,2019,650000,35000,Diesel
3982,Nissan Micra Active XV,Nissan,2017,434999,16267,Petrol
3983,Volkswagen Vento 1.5 TDI Highline,Volkswagen,2013,525000,71500,Diesel
3984,BMW 5 Series 520d Luxury Line,BMW,2019,4800000,12999,Diesel
3985,Chevrolet Aveo U-VA 1.2 LS,Chevrolet,2008,160000,80000,Petrol
3986,Maruti Zen Estilo 1.1 LXI BSIII,Maruti,2007,160000,90000,Petrol
3987,Hyundai Creta 1.6 VTVT S,Hyundai,2017,900000,14700,Petrol
3988,Maruti Alto LX,Maruti,2000,61000,90000,Petrol
3989,Maruti Wagon R LXI BS IV,Maruti,2017,400000,50000,Petrol
3990,Hyundai Santro Xing XS,Hyundai,2009,150000,100000,Petrol
3991,Volkswagen Polo GT 1.0 TSI,Volkswagen,2019,950000,24000,Petrol
3992,Hyundai Getz GLX,Hyundai,2007,110000,90000,Petrol
3993,Tata Bolt Revotron XM,Tata,2015,375000,30000,Petrol
3994,Datsun GO Plus T Option,Datsun,2017,350000,80000,Petrol
3995,Hyundai i20 Magna 1.4 CRDi (Diesel),Hyundai,2012,310000,92686,Diesel
3996,Tata Indica GLS BS IV,Tata,2010,90000,300000,Petrol
3997,Volkswagen Vento Petrol Highline,Volkswagen,2011,350000,90000,Petrol
3998,Hyundai Santro LS zipPlus,Hyundai,2003,100000,60000,Petrol
3999,Mahindra XUV500 AT W6 2WD,Mahindra,2017,1300000,40000,Diesel
4000,Hyundai EON Era Plus Sports Edition,Hyundai,2014,280000,55000,Petrol
4001,Hyundai EON Magna Plus,Hyundai,2018,360000,6000,Petrol
4002,Maruti Alto LXi,Maruti,2011,150000,40000,Petrol
4003,Skoda Rapid 1.6 MPI AT Ambition BSIV,Skoda,2017,900000,15000,Petrol
4004,Ambassador CLASSIC 1500 DSL AC,Ambassador,2005,120000,50000,Diesel
4005,Fiat Linea T Jet Emotion,Fiat,2010,215000,90000,Petrol
4006,Renault Scala Diesel RxL,Renault,2013,550000,38500,Diesel
4007,Tata Nexon 1.2 Revotron XZ Plus Dual Tone,Tata,2018,775000,35000,Petrol
4008,Maruti Gypsy King HT BSIV,Maruti,2001,409999,49359,Petrol
4009,Maruti 800 AC Uniq,Maruti,2005,65000,70000,Petrol
4010,Maruti Wagon R LXI Minor,Maruti,2008,200000,90000,Petrol
4011,Maruti Wagon R VXI BS IV,Maruti,2010,240000,50000,Petrol
4012,Toyota Innova 2.5 VX 8 STR,Toyota,2012,800000,108731,Diesel
4013,Toyota Innova 2.5 EV Diesel MS 7 Str BSIII,Toyota,2010,400000,120000,Diesel
4014,Tata Sumo Gold EX BSIII,Tata,2016,500000,60000,Diesel
4015,Mahindra Renault Logan 1.5 DLX Diesel,Mahindra,2007,150000,90000,Diesel
4016,Toyota Etios GD,Toyota,2014,500000,140000,Diesel
4017,Hyundai EON Magna Plus,Hyundai,2014,320000,80000,Petrol
4018,Nissan Micra Diesel XV,Nissan,2013,300000,90000,Diesel
4019,Maruti Alto 800 LXI,Maruti,2018,285000,14000,Petrol
4020,Tata Aria Pleasure 4x2,Tata,2012,360000,70000,Diesel
4021,Honda Accord 2.4 MT,Honda,2009,450000,55000,Petrol
4022,Maruti Alto LXi,Maruti,2011,175000,60000,Petrol
4023,Chevrolet Cruze LT,Chevrolet,2011,350000,74000,Diesel
4024,Ford Figo Aspire 1.5 TDCi Titanium,Ford,2020,530000,45000,Diesel
4025,Honda City i-DTEC ZX,Honda,2017,1025000,38000,Diesel
4026,Honda BR-V i-DTEC VX MT,Honda,2017,950000,24000,Diesel
4027,Honda WR-V i-VTEC VX,Honda,2017,725000,29976,Petrol
4028,Honda City i VTEC VX,Honda,2017,919999,41000,Petrol
4029,Honda Jazz 1.5 V i DTEC,Honda,2018,700000,15000,Diesel
4030,Honda Jazz 1.5 VX i DTEC,Honda,2017,725000,36000,Diesel
4031,Honda BR-V i-VTEC VX MT,Honda,2017,840000,30646,Petrol
4032,Maruti Wagon R VXI BS IV,Maruti,2015,365000,23600,Petrol
4033,Honda City i DTEC SV,Honda,2014,665000,71318,Diesel
4034,Maruti 800 Std,Maruti,2003,50000,78098,Petrol
4035,Hyundai EON Era Plus,Hyundai,2014,225000,30000,Petrol
4036,Hyundai i10 Era,Hyundai,2012,229999,45000,Petrol
4037,Hyundai Santro Xing GL,Hyundai,2008,145000,67000,Petrol
4038,Ford EcoSport 1.5 Ti VCT MT Titanium BSIV,Ford,2017,750000,18054,Petrol
4039,Honda City i DTEC VX,Honda,2015,785000,40000,Diesel
4040,Hyundai i10 Sportz,Hyundai,2011,225000,30000,Petrol
4041,Hyundai Xcent 1.1 CRDi Base,Hyundai,2017,300000,80000,Diesel
4042,Hyundai i20 Asta 1.4 CRDi,Hyundai,2016,680000,20000,Diesel
4043,Mahindra TUV 300 T8,Mahindra,2016,700000,40000,Diesel
4044,Tata Indigo CS eLS BS IV,Tata,2011,180000,120000,Diesel
4045,Ford Fiesta 1.4 SXi TDCi ABS,Ford,2008,270000,120000,Diesel
4046,Maruti Swift Dzire VXi,Maruti,2010,370000,97000,Petrol
4047,Mahindra Xylo H8 ABS with Airbags,Mahindra,2018,1100000,70000,Diesel
4048,Hyundai Accent CRDi,Hyundai,2004,120000,120000,Diesel
4049,Skoda Rapid 1.6 TDI PRESTIGE,Skoda,2013,430000,88000,Diesel
4050,Maruti Swift ZDi,Maruti,2014,550000,38406,Diesel
4051,Hyundai Santro Xing GLS,Hyundai,2014,320000,54350,Petrol
4052,Maruti Wagon R VXI BS IV,Maruti,2015,390000,32260,Petrol
4053,Renault Duster 85PS Diesel RxE,Renault,2014,550000,58231,Diesel
4054,Maruti Swift VXI,Maruti,2012,370000,59858,Petrol
4055,Maruti Alto LXi BSIII,Maruti,2010,190000,73350,Petrol
4056,Renault Duster 110PS Diesel RxZ,Renault,2013,509999,88473,Diesel
4057,Honda City S,Honda,2013,450000,96987,Petrol
4058,Mercedes-Benz GLS 2016-2020 350d 4MATIC,Mercedes-Benz,2016,5500000,77350,Diesel
4059,Maruti Swift Dzire VDI,Maruti,2015,550000,61187,Diesel
4060,Mahindra Xylo E6,Mahindra,2009,400000,68350,Diesel
4061,Ford EcoSport 1.5 TDCi Titanium BSIV,Ford,2015,585000,81150,Diesel
4062,Hyundai Grand i10 1.2 Kappa Asta,Hyundai,2019,500000,30000,Petrol
4063,Maruti Ciaz ZXi,Maruti,2015,800000,30000,Petrol
4064,Maruti Swift Vdi BSIII,Maruti,2009,265000,120000,Diesel
4065,Ford Figo Diesel Titanium,Ford,2012,175000,180000,Diesel
4066,Fiat Palio 1.2 Sport,Fiat,2007,125000,50000,Petrol
4067,Tata Manza Aqua Quadrajet BS IV,Tata,2010,165000,80000,Diesel
4068,Mahindra Verito 1.5 D2 BSIII,Mahindra,2011,150000,280000,Diesel
4069,Hyundai Creta 1.6 CRDi SX Option,Hyundai,2015,1025000,90000,Diesel
4070,Toyota Innova 2.5 VX (Diesel) 8 Seater,Toyota,2014,1030000,250000,Diesel
4071,Chevrolet Cruze LT,Chevrolet,2012,380000,90000,Diesel
4072,Maruti Swift Dzire LDi,Maruti,2010,250000,110000,Diesel
4073,Maruti Zen LX,Maruti,2000,85000,80000,Petrol
4074,Fiat Punto EVO 1.3 Dynamic,Fiat,2016,500000,35000,Diesel
4075,Hyundai EON Era Plus,Hyundai,2018,350000,15000,Petrol
4076,Maruti Alto LXi BSIII,Maruti,2010,190000,52000,Petrol
4077,Volkswagen Jetta 1.9 TDI Trendline,Volkswagen,2009,940000,140000,Diesel
4078,Maruti Swift VXI,Maruti,2013,475000,60000,Petrol
4079,Maruti Alto 800 LXI,Maruti,2018,300000,17000,Petrol
4080,Chevrolet Beat LS,Chevrolet,2016,250000,70000,Petrol
4081,Maruti Zen LX,Maruti,2001,93000,97000,Petrol
4082,Ford Figo Diesel ZXI,Ford,2012,290000,125000,Diesel
4083,Tata Indica GLS BS IV,Tata,2010,75000,300000,Petrol
4084,Mahindra XUV500 W8 2WD,Mahindra,2015,1000000,120000,Diesel
4085,Hyundai i20 Asta 1.4 CRDi,Hyundai,2015,550000,87000,Diesel
4086,Fiat Punto 1.3 Emotion,Fiat,2010,285000,75000,Diesel
4087,Maruti Wagon R VXI BSIII,Maruti,2012,229999,40000,Petrol
4088,Ford Ecosport 1.5 DV5 MT Titanium,Ford,2014,580000,120000,Diesel
4089,Toyota Corolla H2,Toyota,2005,175000,100000,Petrol
4090,Maruti Ritz VDi,Maruti,2012,250000,110000,Diesel
4091,Maruti Zen LX - BS III,Maruti,2006,70000,105700,Petrol
4092,Maruti Celerio VXI Optional,Maruti,2017,430999,14000,Petrol
4093,Chevrolet Spark 1.0,Chevrolet,2010,80000,70000,Petrol
4094,Maruti Alto 800 LXI Optional,Maruti,2019,335000,28000,Petrol
4095,Maruti Eeco 7 Seater Standard BSIV,Maruti,2017,350000,51000,Petrol
4096,Maruti Alto 800 LXI Opt BSIV,Maruti,2018,315000,56000,Petrol
4097,Volkswagen Vento 1.5 TDI Highline Plus AT BSIV,Volkswagen,2019,1100000,35000,Diesel
4098,Maruti Esteem Lxi - BSIII,Maruti,2005,80000,24000,Petrol
4099,Maruti Alto K10 VXI Optional,Maruti,2014,285000,64000,Petrol
4100,Tata Indigo TDI,Tata,2009,100000,120000,Diesel
4101,Maruti Alto LXi,Maruti,2011,225000,37091,Petrol
4102,Volvo XC 90 D5 Inscription BSIV,Volvo,2017,4500000,80000,Diesel
4103,Maruti Alto K10 VXI,Maruti,2018,320000,38900,Petrol
4104,Hyundai Creta 1.6 CRDi SX Plus,Hyundai,2016,1249000,60000,Diesel
4105,Maruti Wagon R LXI Minor,Maruti,2008,120000,110000,Petrol
4106,Volkswagen Vento Diesel Trendline,Volkswagen,2011,200000,100000,Diesel
4107,Hyundai Creta 1.6 CRDi SX,Hyundai,2016,1151000,85000,Diesel
4108,Tata Indica Vista Quadrajet LS,Tata,2012,120000,140000,Diesel
4109,Renault KWID RXT,Renault,2017,220000,20000,Petrol
4110,Mahindra TUV 300 T10 Dual Tone,Mahindra,2018,784000,40000,Diesel
4111,Honda Jazz 1.2 S i VTEC,Honda,2017,500000,50000,Petrol
4112,Hyundai EON Era Plus,Hyundai,2018,350000,20000,Petrol
4113,Mahindra XUV500 W7 AT BSIV,Mahindra,2018,1400000,50000,Diesel
4114,Mahindra Thar CRDe AC,Mahindra,2014,600000,100000,Diesel
4115,Hyundai Grand i10 1.2 Kappa Magna BSIV,Hyundai,2019,525000,9400,Petrol
4116,Ford EcoSport 1.5 Diesel Titanium Plus BSIV,Ford,2017,930000,12000,Diesel
4117,Maruti Eeco 5 STR With AC Plus HTR CNG,Maruti,2017,440000,14100,CNG
4118,Maruti Celerio ZXI,Maruti,2016,434999,21000,Petrol
4119,Hyundai i10 Magna,Hyundai,2011,250000,28000,Petrol
4120,Maruti Ertiga SHVS ZDI Plus,Maruti,2017,940000,35000,Diesel
4121,Hyundai Verna 1.6 CRDi AT SX,Hyundai,2017,1050000,31000,Diesel
4122,Maruti Ertiga SHVS ZDI,Maruti,2016,825000,58000,Diesel
4123,Maruti Wagon R VXI Minor,Maruti,2012,229999,25000,Petrol
4124,Hyundai i20 1.2 Asta,Hyundai,2011,375000,72000,Petrol
4125,Maruti Ertiga ZDI,Maruti,2013,640000,89000,Diesel
4126,Toyota Innova 2.5 V Diesel 8-seater,Toyota,2012,800000,160000,Diesel
4127,Ford Figo Petrol ZXI,Ford,2012,130000,30000,Petrol
4128,Hyundai i10 Sportz 1.1L,Hyundai,2014,300000,37555,Petrol
4129,Maruti Wagon R VXI BS IV,Maruti,2018,440000,14000,Petrol
4130,Maruti Ertiga VXI CNG,Maruti,2014,595000,56600,CNG
4131,Mahindra Scorpio EX,Mahindra,2013,450000,110000,Diesel
4132,Maruti Vitara Brezza VDi Option,Maruti,2017,690000,50000,Diesel
4133,Maruti Alto 800 VXI,Maruti,2019,300000,5000,Petrol
4134,Chevrolet Sail 1.2 Base,Chevrolet,2014,170000,100000,Petrol
4135,Toyota Etios Liva GD SP,Toyota,2012,280000,120000,Diesel
4136,Maruti Swift VXI BSIII,Maruti,2009,220000,67580,Petrol
4137,Hyundai Santro Xing GLS,Hyundai,2009,140000,100000,Petrol
4138,Maruti Esteem Lxi,Maruti,2004,45000,60000,Petrol
4139,Ford Figo Diesel Titanium,Ford,2014,200000,125000,Diesel
4140,Mahindra Scorpio 2.6 Turbo 7 Str,Mahindra,2008,325000,120000,Diesel
4141,Hyundai Verna CRDi SX,Hyundai,2010,300000,130000,Diesel
4142,Maruti 800 AC,Maruti,2009,120000,250000,Petrol
4143,Mahindra Verito Vibe 1.5 dCi D6,Mahindra,2015,280000,40000,Diesel
4144,Nissan Sunny XL D,Nissan,2013,225000,78000,Diesel
4145,Ford EcoSport 1.5 Petrol Titanium Plus AT BSIV,Ford,2015,750000,48238,Petrol
4146,Hyundai i20 1.2 Magna Executive,Hyundai,2016,535000,38365,Petrol
4147,Mahindra XUV500 W10 1.99 mHawk,Mahindra,2016,1250000,23670,Diesel
4148,Maruti Baleno Zeta 1.2,Maruti,2017,650000,49834,Petrol
4149,Honda Brio S MT,Honda,2013,295000,57353,Petrol
4150,Maruti Swift DDiS VDI,Maruti,2015,480000,68308,Diesel
4151,Honda City i DTEC SV,Honda,2015,575000,63240,Diesel
4152,Tata Harrier XE,Tata,2020,426000,1000,Diesel
4153,Mahindra Bolero Power Plus Plus AC BSIV PS,Mahindra,2015,295000,90000,Diesel
4154,Mahindra Xylo E4,Mahindra,2011,330000,100000,Diesel
4155,Maruti Ritz VXI,Maruti,2009,150000,80000,Petrol
4156,Hyundai Creta 1.6 CRDi SX,Hyundai,2016,927999,90000,Diesel
4157,Maruti Zen LXI,Maruti,2003,70000,60000,Petrol
4158,Hyundai Xcent 1.2 CRDi SX,Hyundai,2015,399000,55000,Diesel
4159,Maruti Swift VDI Optional,Maruti,2015,350000,90000,Diesel
4160,Mahindra Scorpio 2.6 CRDe,Mahindra,2006,125000,50000,Diesel
4161,Hyundai Santro Xing XS,Hyundai,2008,150000,90000,Petrol
4162,Hyundai EON Era Plus,Hyundai,2015,250000,25000,Petrol
4163,Hyundai Verna 1.6 SX CRDi (O),Hyundai,2014,675000,61000,Diesel
4164,Maruti S-Cross Alpha DDiS 200 SH,Maruti,2018,950000,30000,Diesel
4165,Maruti Eeco 5 STR With AC Plus HTR CNG,Maruti,2018,409999,45000,CNG
4166,Fiat Linea Emotion (Diesel),Fiat,2011,225000,60000,Diesel
4167,Honda Civic 1.8 V MT,Honda,2008,350000,75000,Petrol
4168,Tata Indica LSI,Tata,2005,51111,140000,Petrol
4169,Chevrolet Sail 1.3 LS,Chevrolet,2013,290000,56000,Diesel
4170,Toyota Camry Hybrid,Toyota,2006,310000,62000,Electric
4171,Hyundai Verna CRDi SX,Hyundai,2007,212000,58000,Diesel
4172,Skoda Octavia Elegance 2.0 TDI AT,Skoda,2013,900000,49000,Diesel
4173,Chevrolet Beat Diesel LT,Chevrolet,2011,221000,56000,Diesel
4174,Toyota Innova 2.5 G (Diesel) 7 Seater,Toyota,2013,675000,73000,Diesel
4175,Honda Amaze S i-Dtech,Honda,2014,421000,69000,Diesel
4176,Maruti SX4 Zxi BSIII,Maruti,2008,350000,10000,Petrol
4177,Hyundai Accent Executive CNG,Hyundai,2010,140000,110000,CNG
4178,Skoda Octavia Ambiente 1.9 TDI MT,Skoda,2002,90000,116000,Diesel
4179,Honda City Edge Edition Diesel SV,Honda,2018,830000,40000,Diesel
4180,Maruti Wagon R LXI Minor,Maruti,2009,180000,30000,Petrol
4181,Maruti Swift Vdi BSIII,Maruti,2009,210000,109000,Diesel
4182,Maruti SX4 S Cross DDiS 320 Zeta,Maruti,2017,700000,90000,Diesel
4183,Tata Indigo LX,Tata,2012,125000,120000,Diesel
4184,Hyundai Verna 1.6 VTVT S,Hyundai,2017,530000,64916,Petrol
4185,Ford Ecosport 1.5 DV5 MT Trend,Ford,2018,800000,37161,Diesel
4186,Maruti Baleno Zeta 1.2,Maruti,2016,580000,15000,Petrol
4187,Audi Q3 2.0 TDI Quattro Premium Plus,Audi,2012,1400000,118000,Diesel
4188,Renault KWID 1.0 RXL,Renault,2018,300000,50852,Petrol
4189,Renault KWID RXT Optional,Renault,2016,300000,30000,Petrol
4190,Maruti Ciaz ZDi SHVS,Maruti,2015,700000,77000,Diesel
4191,Nissan Sunny XL,Nissan,2012,250000,70000,Petrol
4192,Chevrolet Tavera Neo 3 9 Str BSIII,Chevrolet,2016,500000,120000,Diesel
4193,Honda Accord 2.4 AT,Honda,2009,428000,40000,Petrol
4194,Tata Harrier XZ BSIV,Tata,2019,1400000,33000,Diesel
4195,Hyundai EON Era Plus,Hyundai,2013,219000,53500,Petrol
4196,Maruti Ertiga SHVS LDI,Maruti,2017,500000,40000,Diesel
4197,Honda City 1.5 S MT,Honda,2010,409999,60000,Petrol
4198,Tata Tigor 1.2 Revotron XZ Option,Tata,2018,570000,5000,Petrol
4199,Maruti SX4 Zxi BSIII,Maruti,2007,160000,80000,Petrol
4200,Maruti Ciaz ZDi Plus SHVS,Maruti,2017,749000,51500,Diesel
4201,Maruti Swift Dzire VDi,Maruti,2010,300000,120000,Diesel
4202,Ford EcoSport 1.5 Diesel Titanium Plus BSIV,Ford,2014,550000,79800,Diesel
4203,Ford EcoSport 1.5 Diesel Titanium Plus BSIV,Ford,2015,550000,97000,Diesel
4204,Ford Ecosport 1.5 Diesel Titanium Plus,Ford,2019,1250000,6590,Diesel
4205,Ford Figo Aspire 1.5 TDCi Titanium,Ford,2017,700000,49957,Diesel
4206,Ford Figo 1.5 Sports Edition MT,Ford,2017,600000,43235,Diesel
4207,Ford EcoSport 1.5 TDCi Titanium Plus BE BSIV,Ford,2018,925000,50699,Diesel
4208,Ford Endeavour 3.2 Titanium AT 4X4,Ford,2016,1800000,126000,Diesel
4209,Ford Figo Aspire 1.5 TDCi Titanium Plus,Ford,2015,459999,140730,Diesel
4210,Hyundai i20 Active 1.2 SX,Hyundai,2015,565000,46000,Petrol
4211,Hyundai EON Era Plus,Hyundai,2013,170000,80000,Petrol
4212,Toyota Qualis FS B3,Toyota,2001,150000,256000,Diesel
4213,Mahindra Scorpio VLX 2WD BSIII,Mahindra,2008,295000,120000,Diesel
4214,Hyundai i20 Active 1.4 SX,Hyundai,2018,819999,40000,Diesel
4215,Hyundai Elite i20 Diesel Asta Option,Hyundai,2019,819999,40000,Diesel
4216,Maruti Ritz VXi,Maruti,2015,320000,40000,Petrol
4217,Ford Ecosport 1.5 DV5 MT Titanium,Ford,2015,550000,135000,Diesel
4218,Mahindra Bolero 2011-2019 SLX,Mahindra,2015,550000,50000,Diesel
4219,Volkswagen Ameo 1.5 TDI Comfortline,Volkswagen,2017,590000,98000,Diesel
4220,Honda City i DTec V,Honda,2017,950000,50000,Diesel
4221,Honda City i-DTEC VX,Honda,2017,1000000,30000,Diesel
4222,Nissan Terrano XE 85 PS,Nissan,2013,500000,120000,Diesel
4223,Fiat Punto EVO 1.3 Emotion,Fiat,2017,450000,70000,Diesel
4224,Maruti Swift Dzire VDI Optional,Maruti,2017,720000,35000,Diesel
4225,Maruti Celerio VDi,Maruti,2015,390000,70000,Diesel
4226,Mahindra Thar 4X2,Mahindra,2014,500000,35000,Diesel
4227,Toyota Fortuner 2.7 2WD AT,Toyota,2016,2500000,70000,Petrol
4228,Hyundai i20 1.4 Asta Option,Hyundai,2017,780000,50000,Diesel
4229,Maruti Swift Dzire ZDI,Maruti,2015,484999,90000,Diesel
4230,Volkswagen Vento Diesel Highline,Volkswagen,2012,420000,90000,Diesel
4231,Mahindra XUV500 W10 AWD,Mahindra,2015,1225000,70000,Diesel
4232,Tata Indica Vista TDI LX,Tata,2015,350000,50000,Diesel
4233,Mahindra Verito 1.5 D4 BSIV,Mahindra,2015,350000,120000,Diesel
4234,Toyota Innova 2.5 G (Diesel) 8 Seater BS IV,Toyota,2011,800000,230000,Diesel
4235,Hyundai Santro Xing XG AT,Hyundai,2004,125000,70000,Petrol
4236,Tata Indica V2 DLS BSII,Tata,2010,75000,100000,Diesel
4237,Mahindra KUV 100 G80 K4 Plus,Mahindra,2018,509999,15000,Petrol
4238,Tata Indigo Classic Dicor,Tata,2014,215000,80000,Diesel
4239,Maruti Swift Dzire VDI,Maruti,2014,480000,101000,Diesel
4240,Maruti Swift VDI,Maruti,2016,630000,55000,Diesel
4241,Honda City 1.5 GXI,Honda,2007,190000,115000,Petrol
4242,Maruti Swift VDI,Maruti,2015,500000,100000,Diesel
4243,Volkswagen Jetta 2.0L TDI Comfortline,Volkswagen,2014,850000,52000,Diesel
4244,Maruti SX4 ZDI,Maruti,2011,350000,105000,Diesel
4245,Renault Duster 85PS Diesel RxE,Renault,2013,425000,170000,Diesel
4246,Maruti Swift VDI BSIV,Maruti,2015,495000,105000,Diesel
4247,Maruti Ertiga SHVS VDI,Maruti,2017,890000,60000,Diesel
4248,Hyundai Verna CRDi 1.6 AT EX,Hyundai,2018,1100000,25000,Diesel
4249,Mahindra XUV500 W8 2WD,Mahindra,2014,650000,218000,Diesel
4250,Ford Fiesta 1.6 ZXi Duratec,Ford,2009,233000,58000,Petrol
4251,Tata Indigo CS LS (TDI) BS-III,Tata,2015,300000,110000,Diesel
4252,Honda Amaze S Petrol BSIV,Honda,2020,614000,1000,Petrol
4253,Hyundai i10 Sportz 1.2,Hyundai,2010,250000,100000,Petrol
4254,Hyundai i10 Sportz 1.2,Hyundai,2010,250000,110000,Petrol
4255,Maruti Alto LXi,Maruti,2011,200000,40000,Petrol
4256,Maruti Wagon R LX Minor,Maruti,2013,290000,52000,Petrol
4257,Maruti Wagon R LXI BS IV,Maruti,2013,320000,80000,Petrol
4258,Hyundai Santro Xing XS eRLX Euro III,Hyundai,2006,145000,52000,Petrol
4259,Maruti Alto LXI,Maruti,2005,100000,124000,Petrol
4260,Fiat Punto 1.3 Emotion,Fiat,2010,130000,210000,Diesel
4261,Hyundai Santro AT,Hyundai,2006,145000,66000,Petrol
4262,Maruti Alto LX BSIII,Maruti,2008,110000,120000,Petrol
4263,Maruti Swift Dzire VDI,Maruti,2019,680000,40000,Diesel
4264,Maruti 800 Std,Maruti,2004,37500,90000,Petrol
4265,Maruti Ertiga 1.5 VDI,Maruti,2019,1000000,15000,Diesel
4266,Ford Endeavour 2.2 Titanium AT 4X2,Ford,2019,2800000,10000,Diesel
4267,Maruti Swift Dzire VDI,Maruti,2015,470000,170000,Diesel
4268,Maruti Celerio ZXI,Maruti,2017,415000,20000,Petrol
4269,Nissan Terrano XL 85 PS,Nissan,2014,500000,82000,Diesel
4270,Chevrolet Spark 1.0 LT BS3,Chevrolet,2013,150000,60000,Petrol
4271,Maruti Alto STD,Maruti,2005,95000,50000,Petrol
4272,Maruti Swift LDI,Maruti,2012,400000,70000,Diesel
4273,Maruti Alto LX,Maruti,2008,114999,66782,Petrol
4274,Maruti Alto LX,Maruti,2006,75000,130000,Petrol
4275,Hyundai Verna 1.6 SX CRDi (O),Hyundai,2013,500000,120000,Diesel
4276,Maruti 800 AC,Maruti,2014,195000,75000,Petrol
4277,Maruti Alto 800 Base,Maruti,2015,155000,40000,Petrol
4278,Maruti Alto LXi,Maruti,2000,65000,90000,Petrol
4279,Honda City 1.5 GXI,Honda,2005,65000,150000,Petrol
4280,Tata Nano XM,Tata,2015,190000,60000,Petrol
4281,Mahindra Verito 1.5 D6 BSIII,Mahindra,2012,200000,112198,Diesel
4282,Tata Manza Aura Safire BS IV,Tata,2010,160000,60000,Petrol
4283,Tata Indica Vista Aqua 1.4 TDI,Tata,2010,150000,130000,Diesel
4284,Ford EcoSport 1.5 TDCi Titanium BSIV,Ford,2015,530000,175000,Diesel
4285,Mahindra Scorpio S2 7 Seater,Mahindra,2015,750000,120000,Diesel
4286,Maruti Ritz VDi,Maruti,2012,225000,90000,Diesel
4287,Toyota Innova 2.5 VX (Diesel) 8 Seater BS IV,Toyota,2012,600000,170000,Diesel
4288,Hyundai i20 Magna 1.4 CRDi (Diesel),Hyundai,2014,409999,80000,Diesel
4289,Hyundai i20 Magna 1.4 CRDi,Hyundai,2014,409999,80000,Diesel
4290,Maruti 800 AC BSIII,Maruti,2009,110000,83000,Petrol
4291,Hyundai Creta 1.6 CRDi SX Option,Hyundai,2016,865000,90000,Diesel
4292,Renault KWID RXT,Renault,2016,225000,40000,Petrol
